id,product_id,review_text,rating,review_date
1,1,tavsiye ederim,5,2025-03-19 00:00:00
2,1,hÄ±zlÄ± ve hasarsÄ±z ÅŸekilde geldi.Bu Ã¼rÃ¼nÃ¼ daha Ã¶nce kullanmadim ins iÅŸe yarar.,5,2025-03-19 00:00:00
3,1,HÄ±zlÄ± geldi,5,2025-03-18 00:00:00
4,1,Daha kullanmadÄ±m kullanmaya baÅŸladÄ±ÄŸÄ±mda yorumlarÄ±m tekrar,3,2025-03-18 00:00:00
5,1,"Bir kere kullandÄ±m, yumuÅŸacÄ±k oldu tenim. YaÄŸlÄ± bi hissi yok, gayet hafif. Ã‡illi ve beyaz tenli olduÄŸum iÃ§in ÅŸans vermek istedim. Åimdilik tavsiye ediyorum.",5,2025-03-18 00:00:00
6,1,yapÄ±sÄ±nÄ± beÄŸendim. iÃ§erik olarak da fena deÄŸil,5,2025-03-18 00:00:00
7,1,ÃœrÃ¼nlerini Ã§ok severek kullanÄ±yorum fakat Ä±ÅŸÄ±ÄŸa tuttuÄŸumda Ã¼rÃ¼nÃ¼n iÃ§inde az varmÄ±ÅŸ gibi geldi normalde de bÃ¶yle mi olmasÄ± gerekiyor bilmiyorum ama aÄŸzÄ±na kadar dolu deÄŸildi,3,2025-03-18 00:00:00
8,1,"ÃœrÃ¼nÃ¼ tanÄ±ÅŸma fiyatÄ±yla aldÄ±m ve sÃ¶yleyebilirim ki lekeleri azaltma konusunda gerÃ§ekten baÅŸarÄ±lÄ± bir gÃ¼neÅŸ kremi ğŸŒŸ GÃ¼Ã§lÃ¼ bir koruma saÄŸlarken ciltte aÄŸÄ±rlÄ±k yapmadan hÄ±zlÄ±ca emiliyor, Ã¼zerine makyaj yapmak da Ã§ok rahat, cildi aydÄ±nlÄ±k ve pÃ¼rÃ¼zsÃ¼z gÃ¶steriyor. Fiyat-performans Ã¼rÃ¼nÃ¼ diyorum",5,2025-03-18 00:00:00
9,1,teÅŸekkÃ¼r ediyorum saÄŸlam ve hÄ±zlÄ± geldi,5,2025-03-18 00:00:00
10,1,her yÄ±l aldÄ±ÄŸÄ±m Ã¼rÃ¼nğŸ‘Œ fiyat gÃ¼zel,5,2025-03-18 00:00:00
11,1,ÃœrÃ¼n kokuyor anlamadÄ±m bu normal mi,1,2025-03-18 00:00:00
12,1,boyutu kÃ¼Ã§Ã¼k ama etkili,5,2025-03-18 00:00:00
13,1,Ä°ki puanÄ± ÅŸu sebepten kÄ±rdÄ±m yÃ¼zÃ¼me ilk sÃ¼rdÃ¼ÄŸÃ¼m anda sanki alkol sÃ¼rmÃ¼ÅŸÃ§esine yakÄ±yor belki cildim hassaslaÅŸmÄ±ÅŸtÄ±r diyip diÄŸer seferler karar vereyim dedim ama hayÄ±r her defasÄ±nda aynÄ± oluyor diÄŸer hiÃ§bir gÃ¼neÅŸ koruma kremimde bu his olmuyor beklentim bu markadan Ã§ok yÃ¼ksekti ama maalesef Ã¼zdÃ¼ hoÅŸuma giden yanÄ± da var tabi yapÄ±ÅŸ yapÄ±ÅŸ his bÄ±rakmad,3,2025-03-18 00:00:00
14,1,Dokusu Ã§ok gÃ¼zel bugun elime ulaÅŸtÄ± paketlemeside Ã§ok iyiydi tavsiye ederim,5,2025-03-18 00:00:00
15,1,Hassas bir cildim var ama 15 gÃ¼ndÃ¼r kullanÄ±yorum problem yaÅŸamadÄ±m teÅŸekkÃ¼rler,5,2025-03-18 00:00:00
16,1,GÃ¼neÅŸ korumasÄ± harika aynÄ± zamanda ciltte hafif ve konforlu bir his bÄ±rakÄ±yor â˜€ï¸ O kadar hÄ±zlÄ± emiliyor ki makyaj bazÄ± olarak da mÃ¼kemmel. Cildim Ã§ok lekeli olmasa da lekelenmemek iÃ§in aldÄ±m vazgeÃ§ilmezim olduğŸ’›,5,2025-03-18 00:00:00
17,1,Bu morlu olanÄ±nÄ± yeni deniyorm. SÃ¼rekli YeÅŸilli olanÄ± kullanÄ±yordum. KullandÄ±kÃ§a anlayacaÄŸÄ±m memnuniyetimi,3,2025-03-18 00:00:00
18,1,Soyulma vs yapmÄ±yor. Ã‡ok gÃ¼zel ğŸ¤ŒğŸ¼ La Roche kalitesi ğŸ¤©,5,2025-03-18 00:00:00
19,1,GerÃ§ekten anlatÄ±ldÄ±ÄŸÄ± gibi Ã§ok gÃ¼zelmiÅŸ,5,2025-03-18 00:00:00
20,1,ÃœrÃ¼n Ã§ok gÃ¼zel Ã§ok gÃ¼zel paketlenmiÅŸti hÄ±zlÄ± ulaÅŸtÄ± elime teÅŸekkÃ¼rler,5,2025-03-18 00:00:00
21,1,ÃœrÃ¼nÃ¼n diÄŸer formlarÄ±nÄ± kullanmÄ±ÅŸtÄ±m gayet gÃ¼zel yumuÅŸak ve emilimi iyi. Uzun sÃ¼rekli etkide lekelere iyi gelecek mi yorumumu tekrar gÃ¼ncellerim. HÄ±zlÄ± kargolama ve paketim Ã¶zenli geldi teÅŸekkÃ¼r ediyorum,5,2025-03-18 00:00:00
22,1,Ã§ok sÄ±vÄ± iÅŸe yarar umarÄ±m henÃ¼z kullanmadÄ±m,3,2025-03-18 00:00:00
23,1,Ã‡ok kÃ¼Ã§Ã¼k eÅŸantiyon sandÄ±m,5,2025-03-17 00:00:00
24,1,Ã‡ok Ã¶nerildi diye aldÄ±m ve gerÃ§ekten bayÄ±ldÄ±m ğŸ˜ Cildime uygun gÃ¼neÅŸ kremi bulmak zor ama bu hem hafif yapÄ±lÄ± hem de hÄ±zlÄ± emiliyor. AydÄ±nlÄ±k bir bitiÅŸ saÄŸlÄ±yor ve makyaj altÄ±na da mÃ¼kemmel oluyor. Kesinlikle tekrar alÄ±cam ğŸ©·,5,2025-03-14 00:00:00
25,1,Zaten la roche Ã¼rÃ¼nlerini Ã§ok seviyorum. SÃ¼rÃ¼mÃ¼ ve kokusu gÃ¼zel.,5,2025-03-13 00:00:00
26,1,"GÃ¼Ã§lÃ¼ gÃ¼neÅŸ korumasÄ±yla Ã§ok severek kullandÄ±ÄŸÄ±m bir Ã¼rÃ¼n. Ciltte aÄŸÄ±rlÄ±k yapmÄ±yor, beyaz iz bÄ±rakmadÄ±ÄŸÄ±ndan makyaj iÃ§in de harika bir baz oluyo. FiyatÄ± da uygun, ben Ã§ok memnunum ğŸ§¡",5,2025-03-13 00:00:00
27,1,ben Ã§ok sevdim diÄŸer gÃ¼neÅŸ kremini de kullanÄ±yordum zaten,5,2025-03-13 00:00:00
28,1,"Lekeler iÃ§in gerÃ§ekten etkili. La Roche Posay'in gÃ¼neÅŸ korumasÄ±na gÃ¼veniyorum zaten, ciltte aÄŸÄ±rlÄ±k yapmadan hÄ±zlÄ±ca emiliyor ve beyaz iz bÄ±rakmÄ±yor. Makyaj altÄ±nda da harika duruyor ve cildi adeta aydÄ±nlatÄ±yor âœ¨Melasyl serumunu sevmiÅŸtim, bunu yeni aldÄ±m ama ÅŸimdiden Ã§ok memnunum serumla birlikte kullanmaya devam edeceÄŸim ğŸ’›",5,2025-03-13 00:00:00
29,1,ğŸ’œ La Roche Posay MelaB3 serumu kullanÄ±yorum muhteÅŸem bir leke serumu iÃ§indeki Melasylâ€™i ilk onda keÅŸfetmiÅŸtim. Ã‡ok tavsiye ederim. GÃ¼neÅŸ zaten Antheliosâ€™tan vazgeÃ§mem! Åimdi sarÄ± bantlÄ± Antheliosâ€™um yerine artÄ±k mor bantlÄ± Antheliosâ€™a terfi ettim. Ä°Ã§ine Melasyl eklemiÅŸler gÃ¼neÅŸ kreminin yaa inanamadÄ±m gÃ¶rdÃ¼ÄŸÃ¼mde! MuhteÅŸem ikili yaz kÄ±ÅŸ perfect duo,5,2025-03-12 00:00:00
30,1,Senelerdir vazgeÃ§ilmezimm! YapÄ±sÄ±na bayÄ±lÄ±yorum. Elim hep La Roche a gidiyor ister istemez! Sonsuz tavsiye aÅŸklarÄ±m!,5,2025-03-12 00:00:00
31,1,tavsiye ederim,5,2025-03-19 00:00:00
32,1,hÄ±zlÄ± ve hasarsÄ±z ÅŸekilde geldi.Bu Ã¼rÃ¼nÃ¼ daha Ã¶nce kullanmadim ins iÅŸe yarar.,5,2025-03-19 00:00:00
33,1,HÄ±zlÄ± geldi,5,2025-03-18 00:00:00
34,1,Daha kullanmadÄ±m kullanmaya baÅŸladÄ±ÄŸÄ±mda yorumlarÄ±m tekrar,3,2025-03-18 00:00:00
35,1,"Bir kere kullandÄ±m, yumuÅŸacÄ±k oldu tenim. YaÄŸlÄ± bi hissi yok, gayet hafif. Ã‡illi ve beyaz tenli olduÄŸum iÃ§in ÅŸans vermek istedim. Åimdilik tavsiye ediyorum.",5,2025-03-18 00:00:00
36,1,yapÄ±sÄ±nÄ± beÄŸendim. iÃ§erik olarak da fena deÄŸil,5,2025-03-18 00:00:00
37,1,ÃœrÃ¼nlerini Ã§ok severek kullanÄ±yorum fakat Ä±ÅŸÄ±ÄŸa tuttuÄŸumda Ã¼rÃ¼nÃ¼n iÃ§inde az varmÄ±ÅŸ gibi geldi normalde de bÃ¶yle mi olmasÄ± gerekiyor bilmiyorum ama aÄŸzÄ±na kadar dolu deÄŸildi,3,2025-03-18 00:00:00
38,1,"ÃœrÃ¼nÃ¼ tanÄ±ÅŸma fiyatÄ±yla aldÄ±m ve sÃ¶yleyebilirim ki lekeleri azaltma konusunda gerÃ§ekten baÅŸarÄ±lÄ± bir gÃ¼neÅŸ kremi ğŸŒŸ GÃ¼Ã§lÃ¼ bir koruma saÄŸlarken ciltte aÄŸÄ±rlÄ±k yapmadan hÄ±zlÄ±ca emiliyor, Ã¼zerine makyaj yapmak da Ã§ok rahat, cildi aydÄ±nlÄ±k ve pÃ¼rÃ¼zsÃ¼z gÃ¶steriyor. Fiyat-performans Ã¼rÃ¼nÃ¼ diyorum",5,2025-03-18 00:00:00
39,1,teÅŸekkÃ¼r ediyorum saÄŸlam ve hÄ±zlÄ± geldi,5,2025-03-18 00:00:00
40,1,her yÄ±l aldÄ±ÄŸÄ±m Ã¼rÃ¼nğŸ‘Œ fiyat gÃ¼zel,5,2025-03-18 00:00:00
41,1,ÃœrÃ¼n kokuyor anlamadÄ±m bu normal mi,1,2025-03-18 00:00:00
42,1,boyutu kÃ¼Ã§Ã¼k ama etkili,5,2025-03-18 00:00:00
43,1,Ä°ki puanÄ± ÅŸu sebepten kÄ±rdÄ±m yÃ¼zÃ¼me ilk sÃ¼rdÃ¼ÄŸÃ¼m anda sanki alkol sÃ¼rmÃ¼ÅŸÃ§esine yakÄ±yor belki cildim hassaslaÅŸmÄ±ÅŸtÄ±r diyip diÄŸer seferler karar vereyim dedim ama hayÄ±r her defasÄ±nda aynÄ± oluyor diÄŸer hiÃ§bir gÃ¼neÅŸ koruma kremimde bu his olmuyor beklentim bu markadan Ã§ok yÃ¼ksekti ama maalesef Ã¼zdÃ¼ hoÅŸuma giden yanÄ± da var tabi yapÄ±ÅŸ yapÄ±ÅŸ his bÄ±rakmad,3,2025-03-18 00:00:00
44,1,Dokusu Ã§ok gÃ¼zel bugun elime ulaÅŸtÄ± paketlemeside Ã§ok iyiydi tavsiye ederim,5,2025-03-18 00:00:00
45,1,Hassas bir cildim var ama 15 gÃ¼ndÃ¼r kullanÄ±yorum problem yaÅŸamadÄ±m teÅŸekkÃ¼rler,5,2025-03-18 00:00:00
93,2,BÃ¶yle nasÄ±l desem hem ÅŸekerli hem yaseminli bir kokusu var. GÃ¼zel bir kokusu var bence ve organik tarÄ±mla Ã¼retmiÅŸler. DoÄŸal bir Ã¼rÃ¼ne benziyor.,5,2024-07-19 00:00:00
46,1,GÃ¼neÅŸ korumasÄ± harika aynÄ± zamanda ciltte hafif ve konforlu bir his bÄ±rakÄ±yor â˜€ï¸ O kadar hÄ±zlÄ± emiliyor ki makyaj bazÄ± olarak da mÃ¼kemmel. Cildim Ã§ok lekeli olmasa da lekelenmemek iÃ§in aldÄ±m vazgeÃ§ilmezim olduğŸ’›,5,2025-03-18 00:00:00
47,1,Bu morlu olanÄ±nÄ± yeni deniyorm. SÃ¼rekli YeÅŸilli olanÄ± kullanÄ±yordum. KullandÄ±kÃ§a anlayacaÄŸÄ±m memnuniyetimi,3,2025-03-18 00:00:00
48,1,Soyulma vs yapmÄ±yor. Ã‡ok gÃ¼zel ğŸ¤ŒğŸ¼ La Roche kalitesi ğŸ¤©,5,2025-03-18 00:00:00
49,1,GerÃ§ekten anlatÄ±ldÄ±ÄŸÄ± gibi Ã§ok gÃ¼zelmiÅŸ,5,2025-03-18 00:00:00
50,1,ÃœrÃ¼n Ã§ok gÃ¼zel Ã§ok gÃ¼zel paketlenmiÅŸti hÄ±zlÄ± ulaÅŸtÄ± elime teÅŸekkÃ¼rler,5,2025-03-18 00:00:00
51,2,Kokular Ã§ok kaliteli ve gÃ¼zel hediye de Ã§ok Ã¶zel dÃ¼ÅŸÃ¼nÃ¼lmÃ¼ÅŸ,5,2024-10-02 00:00:00
52,2,GerÃ§ek bir kuru yaÄŸ kesinlikle yaÄŸlÄ± bir his bÄ±rakmÄ±yor kokusu gÃ¼zel ğŸ‘ bu markanÄ±n Ã¼rÃ¼nleri best fiyatlar biraz yÃ¼ksek olabilir Ã¶zellikle indirim zamanlarÄ± ciddi indirimlerden faydalanÄ±labilir ÅŸans verilir,5,2024-08-08 00:00:00
53,2,BÃ¶yle nasÄ±l desem hem ÅŸekerli hem yaseminli bir kokusu var. GÃ¼zel bir kokusu var bence ve organik tarÄ±mla Ã¼retmiÅŸler. DoÄŸal bir Ã¼rÃ¼ne benziyor.,5,2024-07-19 00:00:00
54,2,cok guzel kokuyor,5,2023-11-28 00:00:00
55,2,Kokular Ã§ok kaliteli ve gÃ¼zel hediye de Ã§ok Ã¶zel dÃ¼ÅŸÃ¼nÃ¼lmÃ¼ÅŸ,5,2024-10-02 00:00:00
56,2,GerÃ§ek bir kuru yaÄŸ kesinlikle yaÄŸlÄ± bir his bÄ±rakmÄ±yor kokusu gÃ¼zel ğŸ‘ bu markanÄ±n Ã¼rÃ¼nleri best fiyatlar biraz yÃ¼ksek olabilir Ã¶zellikle indirim zamanlarÄ± ciddi indirimlerden faydalanÄ±labilir ÅŸans verilir,5,2024-08-08 00:00:00
57,2,BÃ¶yle nasÄ±l desem hem ÅŸekerli hem yaseminli bir kokusu var. GÃ¼zel bir kokusu var bence ve organik tarÄ±mla Ã¼retmiÅŸler. DoÄŸal bir Ã¼rÃ¼ne benziyor.,5,2024-07-19 00:00:00
58,2,cok guzel kokuyor,5,2023-11-28 00:00:00
59,2,Kokular Ã§ok kaliteli ve gÃ¼zel hediye de Ã§ok Ã¶zel dÃ¼ÅŸÃ¼nÃ¼lmÃ¼ÅŸ,5,2024-10-02 00:00:00
60,2,GerÃ§ek bir kuru yaÄŸ kesinlikle yaÄŸlÄ± bir his bÄ±rakmÄ±yor kokusu gÃ¼zel ğŸ‘ bu markanÄ±n Ã¼rÃ¼nleri best fiyatlar biraz yÃ¼ksek olabilir Ã¶zellikle indirim zamanlarÄ± ciddi indirimlerden faydalanÄ±labilir ÅŸans verilir,5,2024-08-08 00:00:00
61,2,BÃ¶yle nasÄ±l desem hem ÅŸekerli hem yaseminli bir kokusu var. GÃ¼zel bir kokusu var bence ve organik tarÄ±mla Ã¼retmiÅŸler. DoÄŸal bir Ã¼rÃ¼ne benziyor.,5,2024-07-19 00:00:00
62,2,cok guzel kokuyor,5,2023-11-28 00:00:00
63,2,Kokular Ã§ok kaliteli ve gÃ¼zel hediye de Ã§ok Ã¶zel dÃ¼ÅŸÃ¼nÃ¼lmÃ¼ÅŸ,5,2024-10-02 00:00:00
64,2,GerÃ§ek bir kuru yaÄŸ kesinlikle yaÄŸlÄ± bir his bÄ±rakmÄ±yor kokusu gÃ¼zel ğŸ‘ bu markanÄ±n Ã¼rÃ¼nleri best fiyatlar biraz yÃ¼ksek olabilir Ã¶zellikle indirim zamanlarÄ± ciddi indirimlerden faydalanÄ±labilir ÅŸans verilir,5,2024-08-08 00:00:00
65,2,BÃ¶yle nasÄ±l desem hem ÅŸekerli hem yaseminli bir kokusu var. GÃ¼zel bir kokusu var bence ve organik tarÄ±mla Ã¼retmiÅŸler. DoÄŸal bir Ã¼rÃ¼ne benziyor.,5,2024-07-19 00:00:00
66,2,cok guzel kokuyor,5,2023-11-28 00:00:00
67,2,Kokular Ã§ok kaliteli ve gÃ¼zel hediye de Ã§ok Ã¶zel dÃ¼ÅŸÃ¼nÃ¼lmÃ¼ÅŸ,5,2024-10-02 00:00:00
68,2,GerÃ§ek bir kuru yaÄŸ kesinlikle yaÄŸlÄ± bir his bÄ±rakmÄ±yor kokusu gÃ¼zel ğŸ‘ bu markanÄ±n Ã¼rÃ¼nleri best fiyatlar biraz yÃ¼ksek olabilir Ã¶zellikle indirim zamanlarÄ± ciddi indirimlerden faydalanÄ±labilir ÅŸans verilir,5,2024-08-08 00:00:00
69,2,BÃ¶yle nasÄ±l desem hem ÅŸekerli hem yaseminli bir kokusu var. GÃ¼zel bir kokusu var bence ve organik tarÄ±mla Ã¼retmiÅŸler. DoÄŸal bir Ã¼rÃ¼ne benziyor.,5,2024-07-19 00:00:00
70,2,cok guzel kokuyor,5,2023-11-28 00:00:00
71,2,Kokular Ã§ok kaliteli ve gÃ¼zel hediye de Ã§ok Ã¶zel dÃ¼ÅŸÃ¼nÃ¼lmÃ¼ÅŸ,5,2024-10-02 00:00:00
72,2,GerÃ§ek bir kuru yaÄŸ kesinlikle yaÄŸlÄ± bir his bÄ±rakmÄ±yor kokusu gÃ¼zel ğŸ‘ bu markanÄ±n Ã¼rÃ¼nleri best fiyatlar biraz yÃ¼ksek olabilir Ã¶zellikle indirim zamanlarÄ± ciddi indirimlerden faydalanÄ±labilir ÅŸans verilir,5,2024-08-08 00:00:00
73,2,BÃ¶yle nasÄ±l desem hem ÅŸekerli hem yaseminli bir kokusu var. GÃ¼zel bir kokusu var bence ve organik tarÄ±mla Ã¼retmiÅŸler. DoÄŸal bir Ã¼rÃ¼ne benziyor.,5,2024-07-19 00:00:00
74,2,cok guzel kokuyor,5,2023-11-28 00:00:00
75,2,Kokular Ã§ok kaliteli ve gÃ¼zel hediye de Ã§ok Ã¶zel dÃ¼ÅŸÃ¼nÃ¼lmÃ¼ÅŸ,5,2024-10-02 00:00:00
76,2,GerÃ§ek bir kuru yaÄŸ kesinlikle yaÄŸlÄ± bir his bÄ±rakmÄ±yor kokusu gÃ¼zel ğŸ‘ bu markanÄ±n Ã¼rÃ¼nleri best fiyatlar biraz yÃ¼ksek olabilir Ã¶zellikle indirim zamanlarÄ± ciddi indirimlerden faydalanÄ±labilir ÅŸans verilir,5,2024-08-08 00:00:00
77,2,BÃ¶yle nasÄ±l desem hem ÅŸekerli hem yaseminli bir kokusu var. GÃ¼zel bir kokusu var bence ve organik tarÄ±mla Ã¼retmiÅŸler. DoÄŸal bir Ã¼rÃ¼ne benziyor.,5,2024-07-19 00:00:00
78,2,cok guzel kokuyor,5,2023-11-28 00:00:00
79,2,Kokular Ã§ok kaliteli ve gÃ¼zel hediye de Ã§ok Ã¶zel dÃ¼ÅŸÃ¼nÃ¼lmÃ¼ÅŸ,5,2024-10-02 00:00:00
80,2,GerÃ§ek bir kuru yaÄŸ kesinlikle yaÄŸlÄ± bir his bÄ±rakmÄ±yor kokusu gÃ¼zel ğŸ‘ bu markanÄ±n Ã¼rÃ¼nleri best fiyatlar biraz yÃ¼ksek olabilir Ã¶zellikle indirim zamanlarÄ± ciddi indirimlerden faydalanÄ±labilir ÅŸans verilir,5,2024-08-08 00:00:00
81,2,BÃ¶yle nasÄ±l desem hem ÅŸekerli hem yaseminli bir kokusu var. GÃ¼zel bir kokusu var bence ve organik tarÄ±mla Ã¼retmiÅŸler. DoÄŸal bir Ã¼rÃ¼ne benziyor.,5,2024-07-19 00:00:00
82,2,cok guzel kokuyor,5,2023-11-28 00:00:00
83,2,Kokular Ã§ok kaliteli ve gÃ¼zel hediye de Ã§ok Ã¶zel dÃ¼ÅŸÃ¼nÃ¼lmÃ¼ÅŸ,5,2024-10-02 00:00:00
84,2,GerÃ§ek bir kuru yaÄŸ kesinlikle yaÄŸlÄ± bir his bÄ±rakmÄ±yor kokusu gÃ¼zel ğŸ‘ bu markanÄ±n Ã¼rÃ¼nleri best fiyatlar biraz yÃ¼ksek olabilir Ã¶zellikle indirim zamanlarÄ± ciddi indirimlerden faydalanÄ±labilir ÅŸans verilir,5,2024-08-08 00:00:00
85,2,BÃ¶yle nasÄ±l desem hem ÅŸekerli hem yaseminli bir kokusu var. GÃ¼zel bir kokusu var bence ve organik tarÄ±mla Ã¼retmiÅŸler. DoÄŸal bir Ã¼rÃ¼ne benziyor.,5,2024-07-19 00:00:00
86,2,cok guzel kokuyor,5,2023-11-28 00:00:00
87,2,Kokular Ã§ok kaliteli ve gÃ¼zel hediye de Ã§ok Ã¶zel dÃ¼ÅŸÃ¼nÃ¼lmÃ¼ÅŸ,5,2024-10-02 00:00:00
88,2,GerÃ§ek bir kuru yaÄŸ kesinlikle yaÄŸlÄ± bir his bÄ±rakmÄ±yor kokusu gÃ¼zel ğŸ‘ bu markanÄ±n Ã¼rÃ¼nleri best fiyatlar biraz yÃ¼ksek olabilir Ã¶zellikle indirim zamanlarÄ± ciddi indirimlerden faydalanÄ±labilir ÅŸans verilir,5,2024-08-08 00:00:00
89,2,BÃ¶yle nasÄ±l desem hem ÅŸekerli hem yaseminli bir kokusu var. GÃ¼zel bir kokusu var bence ve organik tarÄ±mla Ã¼retmiÅŸler. DoÄŸal bir Ã¼rÃ¼ne benziyor.,5,2024-07-19 00:00:00
90,2,cok guzel kokuyor,5,2023-11-28 00:00:00
91,2,Kokular Ã§ok kaliteli ve gÃ¼zel hediye de Ã§ok Ã¶zel dÃ¼ÅŸÃ¼nÃ¼lmÃ¼ÅŸ,5,2024-10-02 00:00:00
92,2,GerÃ§ek bir kuru yaÄŸ kesinlikle yaÄŸlÄ± bir his bÄ±rakmÄ±yor kokusu gÃ¼zel ğŸ‘ bu markanÄ±n Ã¼rÃ¼nleri best fiyatlar biraz yÃ¼ksek olabilir Ã¶zellikle indirim zamanlarÄ± ciddi indirimlerden faydalanÄ±labilir ÅŸans verilir,5,2024-08-08 00:00:00
94,2,cok guzel kokuyor,5,2023-11-28 00:00:00
95,2,Kokular Ã§ok kaliteli ve gÃ¼zel hediye de Ã§ok Ã¶zel dÃ¼ÅŸÃ¼nÃ¼lmÃ¼ÅŸ,5,2024-10-02 00:00:00
96,2,GerÃ§ek bir kuru yaÄŸ kesinlikle yaÄŸlÄ± bir his bÄ±rakmÄ±yor kokusu gÃ¼zel ğŸ‘ bu markanÄ±n Ã¼rÃ¼nleri best fiyatlar biraz yÃ¼ksek olabilir Ã¶zellikle indirim zamanlarÄ± ciddi indirimlerden faydalanÄ±labilir ÅŸans verilir,5,2024-08-08 00:00:00
97,2,BÃ¶yle nasÄ±l desem hem ÅŸekerli hem yaseminli bir kokusu var. GÃ¼zel bir kokusu var bence ve organik tarÄ±mla Ã¼retmiÅŸler. DoÄŸal bir Ã¼rÃ¼ne benziyor.,5,2024-07-19 00:00:00
98,2,cok guzel kokuyor,5,2023-11-28 00:00:00
99,2,Kokular Ã§ok kaliteli ve gÃ¼zel hediye de Ã§ok Ã¶zel dÃ¼ÅŸÃ¼nÃ¼lmÃ¼ÅŸ,5,2024-10-02 00:00:00
100,2,GerÃ§ek bir kuru yaÄŸ kesinlikle yaÄŸlÄ± bir his bÄ±rakmÄ±yor kokusu gÃ¼zel ğŸ‘ bu markanÄ±n Ã¼rÃ¼nleri best fiyatlar biraz yÃ¼ksek olabilir Ã¶zellikle indirim zamanlarÄ± ciddi indirimlerden faydalanÄ±labilir ÅŸans verilir,5,2024-08-08 00:00:00
101,3,nemlilik orani cok cok iyi cildim pamuk gibi ayrica birsey kullanmaya hic gerek duymuyor cildim,5,2024-06-29 00:00:00
102,3,Cildimi korurken nemlendirme Ã¶zelliÄŸi Ã§ok gÃ¼zel aynÄ± zamanda da makyaj altÄ±nda yaÄŸlÄ± da durmuyor sonunda vazgeÃ§ilmez yaz kremimi buldum,5,2024-06-26 00:00:00
103,3,yaÄŸlÄ± ciltli olduÄŸum iÃ§in her gÃ¼neÅŸ kremini veya her nemlendiriciyi kullanamÄ±yorum ama bu gÃ¼neÅŸ kremi o kadar gÃ¼zel ki hem su bazlÄ± olduÄŸu iÃ§in hiÃ§ yaÄŸlandÄ±rmÄ±yor hemde nemlendirici Ã¶zelliÄŸinden dolayÄ± Ã§ok gÃ¼zel nemlendiriyor Ã¼stÃ¼ne ekstra nemlendirici sÃ¼rmeme gerek kalmÄ±yor,5,2024-06-26 00:00:00
104,3,Ã‡ok pimpirikliÄŸim Ã¶le her Ã¼rÃ¼nÃ¼ kullanamam .Bu Ã¼rÃ¼n son zamanlarda kullandÄ±ÄŸÄ±m en iyi Ã¼rÃ¼n diyebilirim .YÃ¼zÃ¼m Ã§ok kuru .bu Ã¼rÃ¼n hem gÃ¼neÅŸten korudu hem de yÃ¼zÃ¼mÃ¼n neme doymasÄ±nÄ± saÄŸladÄ± .Ã‡ok beÄŸendim Ã§ookkkkk.,5,2024-06-26 00:00:00
105,3,Su bazlÄ± gÃ¼zel bir gÃ¼neÅŸ kremi. Ciltte sÃ¼rdÃ¼kten sonra beyaz yaÄŸ tabakasÄ± gibi biÅŸey bÄ±rakmÄ±yor. AnÄ±nda emiliyor. Ã‡ok gÃ¼zel nemlendiriyor. Ã‡ok sevdim,5,2024-06-26 00:00:00
106,3,su bazlÄ± Ã¼rÃ¼nleri yaÄŸlÄ± cildim.olduÄŸu iÃ§in extra seviyorum piysadaki Ã¼rÃ¼nlerden ml olarakta fazla olmasi daha da gÃ¼zel yumuÅŸacÄ±k bi gÃ¼neÅŸ kremi,5,2024-06-22 00:00:00
107,3,Cildim gÃ¼neÅŸe Ã§Ä±kÄ±nca hemen kÄ±zarÄ±yordu bu krem kÄ±zarmama engel oldu .Ã‡ok gÃ¼zel nemlendiriyor cildime yoÄŸun bir bakÄ±m saÄŸlÄ±yor gerÃ§ekten mÃ¼kemmel bir krem,5,2024-06-22 00:00:00
108,3,"Hem nemlendirici hem de gÃ¼neÅŸ kremi gÃ¶revi gÃ¶rÃ¼yor Ã§ok avantajlÄ± bir Ã¼rÃ¼n bunu kullandÄ±ÄŸÄ±mda ekstra krem kullanmÄ±yorum,cildimi yumuÅŸacik yapÄ±yor parlak gÃ¶rÃ¼nÃ¼yor ve gÃ¼neÅŸten koruyor Ã§ok etkili bir Ã¼rÃ¼n",5,2024-06-22 00:00:00
109,3,harika gerÃ§ekten gÃ¼neÅŸten koruma Ã¶zelliÄŸi muhteÅŸem nemlendirme Ã¶zelliÄŸi harika benim favori Ã¼rÃ¼nÃ¼m oldu,5,2024-06-21 00:00:00
110,3,cildimin ihtiyacÄ±nÄ± tam olarak karÅŸÄ±layan bir Ã¼rÃ¼n sevdim,5,2024-06-21 00:00:00
111,3,AÅŸÄ±rÄ± yaÄŸlÄ± ciltli biri olarak bu kadar iyi bir gÃ¼neÅŸ kremi daha Ã¶nce kullanmadÄ±m. Asla kusmuyor Ã§ok iyi emiliyor koruyuculuÄŸu da Ã§ok baÅŸarÄ±lÄ±,5,2024-06-21 00:00:00
112,3,cildim hassas ve sivilceye yatkÄ±n Ã¼rÃ¼nÃ¼n su bazlÄ± olmasÄ± aÅŸÄ±rÄ± hoÅŸuma gitti yaÄŸlÄ± his bÄ±rakmÄ±yor sivilecelenme de yapmadÄ± koruyucu etkisi de yÃ¼ksek normalde gÃ¼neÅŸe Ã§Ä±ktÄ±ÄŸÄ±mda hemen yanar kÄ±zarÄ±rdÄ±m kendisi favorim oldu yanÄ±mdan ayÄ±rmÄ±yorum,5,2024-06-21 00:00:00
113,3,genelde su bazlÄ± kremler kullanmayÄ± tercih ediyorum yaÄŸlandÄ±rmÄ±yor yaÄŸlÄ± his bÄ±rakmÄ±yor harika nemlendiriyor ve uzun sÃ¼re cildim nemli kalÄ±yor yumuÅŸacÄ±k bayÄ±lÄ±yorum bu hisse gÃ¼neÅŸten Ã§ok Ã§ok iyi koruyor cildimin lekesiz olmasÄ±nÄ± saÄŸlÄ±yor bÃ¶ylece gÃ¼neÅŸe Ã§Ä±kmaktan korkmuyorum,5,2024-06-21 00:00:00
114,3,su bazlÄ± Ã¶zellikte olmasÄ±nÄ± Ã§ok seviyorum aynÄ± zamanda cildimi korurken Ã§ok gÃ¼zel nemlendiriyo cildim pamuk gibi yumuÅŸacÄ±k,5,2024-06-21 00:00:00
115,3,hem nemlendirici hemde koruyucu etkisi oldukÃ§a yÃ¼ksek ve gÃ¼zel bir Ã¼rÃ¼n. cilt bakÄ±mÄ± sÄ±rasÄ±nda tekrar dan nemlendirmeye ihtiyacim olmuyor Ã§Ã¼nkÃ¼ bu Ã¼rÃ¼n hepsini karÅŸÄ±lÄ±yor. hem makyaj yaparken de oldukÃ§a yardÄ±mcÄ±,5,2024-06-20 00:00:00
116,3,su bazlÄ± olmasÄ± Ã§ok iyi ayrÄ±ca nemlendirmesi de ayrÄ± bir gÃ¼zel hassas cildimi o kadar iyi koruyor ve ekstra nemlendiriyor,5,2024-06-22 00:00:00
117,3,Cildim karma olduÄŸu iÃ§in su bazlÄ± olmasÄ± cildimde yaÄŸlÄ±lÄ±k hissi birakmÄ±yor cildim parlamÄ±yor beni hiÃ§ rahatsÄ±z etmiyor,5,2024-06-21 00:00:00
118,3,Su bazlÄ± olmasÄ± bÃ¼yÃ¼k bir avantaj cilt tonunu Ã§ok gÃ¼zel bir ÅŸekilde eÅŸitliyor ve gÃ¼neÅŸten koruyor baÅŸarÄ±lÄ± bir Ã¼rÃ¼n su bazlÄ± olduÄŸu iÃ§in sivilcelenme yaÄŸlanma yapmÄ±yor,5,2024-06-20 00:00:00
119,3,GÃ¼zel yapÄ±ÅŸkan hissi vermiyor,5,2025-03-14 00:00:00
120,3,Su bazlÄ± olmasÄ± cok iyi fondoteni bÄ±raktÄ± bana etkisi cok iyi aydÄ±nlatÄ±yor gÃ¼neÅŸten korkuyor artÄ±k favori Ã¼rÃ¼nÃ¼m o oldu kargom hÄ±zlÄ± elime ulaÅŸtÄ± teÅŸekkÃ¼r ediyorum,5,2024-06-26 00:00:00
121,3,nemlilik orani cok cok iyi cildim pamuk gibi ayrica birsey kullanmaya hic gerek duymuyor cildim,5,2024-06-29 00:00:00
122,3,Cildimi korurken nemlendirme Ã¶zelliÄŸi Ã§ok gÃ¼zel aynÄ± zamanda da makyaj altÄ±nda yaÄŸlÄ± da durmuyor sonunda vazgeÃ§ilmez yaz kremimi buldum,5,2024-06-26 00:00:00
123,3,yaÄŸlÄ± ciltli olduÄŸum iÃ§in her gÃ¼neÅŸ kremini veya her nemlendiriciyi kullanamÄ±yorum ama bu gÃ¼neÅŸ kremi o kadar gÃ¼zel ki hem su bazlÄ± olduÄŸu iÃ§in hiÃ§ yaÄŸlandÄ±rmÄ±yor hemde nemlendirici Ã¶zelliÄŸinden dolayÄ± Ã§ok gÃ¼zel nemlendiriyor Ã¼stÃ¼ne ekstra nemlendirici sÃ¼rmeme gerek kalmÄ±yor,5,2024-06-26 00:00:00
124,3,Ã‡ok pimpirikliÄŸim Ã¶le her Ã¼rÃ¼nÃ¼ kullanamam .Bu Ã¼rÃ¼n son zamanlarda kullandÄ±ÄŸÄ±m en iyi Ã¼rÃ¼n diyebilirim .YÃ¼zÃ¼m Ã§ok kuru .bu Ã¼rÃ¼n hem gÃ¼neÅŸten korudu hem de yÃ¼zÃ¼mÃ¼n neme doymasÄ±nÄ± saÄŸladÄ± .Ã‡ok beÄŸendim Ã§ookkkkk.,5,2024-06-26 00:00:00
125,3,Su bazlÄ± gÃ¼zel bir gÃ¼neÅŸ kremi. Ciltte sÃ¼rdÃ¼kten sonra beyaz yaÄŸ tabakasÄ± gibi biÅŸey bÄ±rakmÄ±yor. AnÄ±nda emiliyor. Ã‡ok gÃ¼zel nemlendiriyor. Ã‡ok sevdim,5,2024-06-26 00:00:00
126,3,su bazlÄ± Ã¼rÃ¼nleri yaÄŸlÄ± cildim.olduÄŸu iÃ§in extra seviyorum piysadaki Ã¼rÃ¼nlerden ml olarakta fazla olmasi daha da gÃ¼zel yumuÅŸacÄ±k bi gÃ¼neÅŸ kremi,5,2024-06-22 00:00:00
127,3,Cildim gÃ¼neÅŸe Ã§Ä±kÄ±nca hemen kÄ±zarÄ±yordu bu krem kÄ±zarmama engel oldu .Ã‡ok gÃ¼zel nemlendiriyor cildime yoÄŸun bir bakÄ±m saÄŸlÄ±yor gerÃ§ekten mÃ¼kemmel bir krem,5,2024-06-22 00:00:00
128,3,"Hem nemlendirici hem de gÃ¼neÅŸ kremi gÃ¶revi gÃ¶rÃ¼yor Ã§ok avantajlÄ± bir Ã¼rÃ¼n bunu kullandÄ±ÄŸÄ±mda ekstra krem kullanmÄ±yorum,cildimi yumuÅŸacik yapÄ±yor parlak gÃ¶rÃ¼nÃ¼yor ve gÃ¼neÅŸten koruyor Ã§ok etkili bir Ã¼rÃ¼n",5,2024-06-22 00:00:00
129,3,harika gerÃ§ekten gÃ¼neÅŸten koruma Ã¶zelliÄŸi muhteÅŸem nemlendirme Ã¶zelliÄŸi harika benim favori Ã¼rÃ¼nÃ¼m oldu,5,2024-06-21 00:00:00
130,3,cildimin ihtiyacÄ±nÄ± tam olarak karÅŸÄ±layan bir Ã¼rÃ¼n sevdim,5,2024-06-21 00:00:00
131,3,AÅŸÄ±rÄ± yaÄŸlÄ± ciltli biri olarak bu kadar iyi bir gÃ¼neÅŸ kremi daha Ã¶nce kullanmadÄ±m. Asla kusmuyor Ã§ok iyi emiliyor koruyuculuÄŸu da Ã§ok baÅŸarÄ±lÄ±,5,2024-06-21 00:00:00
173,4,gÃ¼zel kapatÄ±yor yÃ¼z temizleme jeli de Ã§ok gÃ¼zel,5,2022-08-09 00:00:00
132,3,cildim hassas ve sivilceye yatkÄ±n Ã¼rÃ¼nÃ¼n su bazlÄ± olmasÄ± aÅŸÄ±rÄ± hoÅŸuma gitti yaÄŸlÄ± his bÄ±rakmÄ±yor sivilecelenme de yapmadÄ± koruyucu etkisi de yÃ¼ksek normalde gÃ¼neÅŸe Ã§Ä±ktÄ±ÄŸÄ±mda hemen yanar kÄ±zarÄ±rdÄ±m kendisi favorim oldu yanÄ±mdan ayÄ±rmÄ±yorum,5,2024-06-21 00:00:00
133,3,genelde su bazlÄ± kremler kullanmayÄ± tercih ediyorum yaÄŸlandÄ±rmÄ±yor yaÄŸlÄ± his bÄ±rakmÄ±yor harika nemlendiriyor ve uzun sÃ¼re cildim nemli kalÄ±yor yumuÅŸacÄ±k bayÄ±lÄ±yorum bu hisse gÃ¼neÅŸten Ã§ok Ã§ok iyi koruyor cildimin lekesiz olmasÄ±nÄ± saÄŸlÄ±yor bÃ¶ylece gÃ¼neÅŸe Ã§Ä±kmaktan korkmuyorum,5,2024-06-21 00:00:00
134,3,su bazlÄ± Ã¶zellikte olmasÄ±nÄ± Ã§ok seviyorum aynÄ± zamanda cildimi korurken Ã§ok gÃ¼zel nemlendiriyo cildim pamuk gibi yumuÅŸacÄ±k,5,2024-06-21 00:00:00
135,3,hem nemlendirici hemde koruyucu etkisi oldukÃ§a yÃ¼ksek ve gÃ¼zel bir Ã¼rÃ¼n. cilt bakÄ±mÄ± sÄ±rasÄ±nda tekrar dan nemlendirmeye ihtiyacim olmuyor Ã§Ã¼nkÃ¼ bu Ã¼rÃ¼n hepsini karÅŸÄ±lÄ±yor. hem makyaj yaparken de oldukÃ§a yardÄ±mcÄ±,5,2024-06-20 00:00:00
136,3,su bazlÄ± olmasÄ± Ã§ok iyi ayrÄ±ca nemlendirmesi de ayrÄ± bir gÃ¼zel hassas cildimi o kadar iyi koruyor ve ekstra nemlendiriyor,5,2024-06-22 00:00:00
137,3,Cildim karma olduÄŸu iÃ§in su bazlÄ± olmasÄ± cildimde yaÄŸlÄ±lÄ±k hissi birakmÄ±yor cildim parlamÄ±yor beni hiÃ§ rahatsÄ±z etmiyor,5,2024-06-21 00:00:00
138,3,Su bazlÄ± olmasÄ± bÃ¼yÃ¼k bir avantaj cilt tonunu Ã§ok gÃ¼zel bir ÅŸekilde eÅŸitliyor ve gÃ¼neÅŸten koruyor baÅŸarÄ±lÄ± bir Ã¼rÃ¼n su bazlÄ± olduÄŸu iÃ§in sivilcelenme yaÄŸlanma yapmÄ±yor,5,2024-06-20 00:00:00
139,3,GÃ¼zel yapÄ±ÅŸkan hissi vermiyor,5,2025-03-14 00:00:00
140,3,Su bazlÄ± olmasÄ± cok iyi fondoteni bÄ±raktÄ± bana etkisi cok iyi aydÄ±nlatÄ±yor gÃ¼neÅŸten korkuyor artÄ±k favori Ã¼rÃ¼nÃ¼m o oldu kargom hÄ±zlÄ± elime ulaÅŸtÄ± teÅŸekkÃ¼r ediyorum,5,2024-06-26 00:00:00
141,3,nemlilik orani cok cok iyi cildim pamuk gibi ayrica birsey kullanmaya hic gerek duymuyor cildim,5,2024-06-29 00:00:00
142,3,Cildimi korurken nemlendirme Ã¶zelliÄŸi Ã§ok gÃ¼zel aynÄ± zamanda da makyaj altÄ±nda yaÄŸlÄ± da durmuyor sonunda vazgeÃ§ilmez yaz kremimi buldum,5,2024-06-26 00:00:00
143,3,yaÄŸlÄ± ciltli olduÄŸum iÃ§in her gÃ¼neÅŸ kremini veya her nemlendiriciyi kullanamÄ±yorum ama bu gÃ¼neÅŸ kremi o kadar gÃ¼zel ki hem su bazlÄ± olduÄŸu iÃ§in hiÃ§ yaÄŸlandÄ±rmÄ±yor hemde nemlendirici Ã¶zelliÄŸinden dolayÄ± Ã§ok gÃ¼zel nemlendiriyor Ã¼stÃ¼ne ekstra nemlendirici sÃ¼rmeme gerek kalmÄ±yor,5,2024-06-26 00:00:00
144,3,Ã‡ok pimpirikliÄŸim Ã¶le her Ã¼rÃ¼nÃ¼ kullanamam .Bu Ã¼rÃ¼n son zamanlarda kullandÄ±ÄŸÄ±m en iyi Ã¼rÃ¼n diyebilirim .YÃ¼zÃ¼m Ã§ok kuru .bu Ã¼rÃ¼n hem gÃ¼neÅŸten korudu hem de yÃ¼zÃ¼mÃ¼n neme doymasÄ±nÄ± saÄŸladÄ± .Ã‡ok beÄŸendim Ã§ookkkkk.,5,2024-06-26 00:00:00
145,3,Su bazlÄ± gÃ¼zel bir gÃ¼neÅŸ kremi. Ciltte sÃ¼rdÃ¼kten sonra beyaz yaÄŸ tabakasÄ± gibi biÅŸey bÄ±rakmÄ±yor. AnÄ±nda emiliyor. Ã‡ok gÃ¼zel nemlendiriyor. Ã‡ok sevdim,5,2024-06-26 00:00:00
146,3,su bazlÄ± Ã¼rÃ¼nleri yaÄŸlÄ± cildim.olduÄŸu iÃ§in extra seviyorum piysadaki Ã¼rÃ¼nlerden ml olarakta fazla olmasi daha da gÃ¼zel yumuÅŸacÄ±k bi gÃ¼neÅŸ kremi,5,2024-06-22 00:00:00
147,3,Cildim gÃ¼neÅŸe Ã§Ä±kÄ±nca hemen kÄ±zarÄ±yordu bu krem kÄ±zarmama engel oldu .Ã‡ok gÃ¼zel nemlendiriyor cildime yoÄŸun bir bakÄ±m saÄŸlÄ±yor gerÃ§ekten mÃ¼kemmel bir krem,5,2024-06-22 00:00:00
148,3,"Hem nemlendirici hem de gÃ¼neÅŸ kremi gÃ¶revi gÃ¶rÃ¼yor Ã§ok avantajlÄ± bir Ã¼rÃ¼n bunu kullandÄ±ÄŸÄ±mda ekstra krem kullanmÄ±yorum,cildimi yumuÅŸacik yapÄ±yor parlak gÃ¶rÃ¼nÃ¼yor ve gÃ¼neÅŸten koruyor Ã§ok etkili bir Ã¼rÃ¼n",5,2024-06-22 00:00:00
149,3,harika gerÃ§ekten gÃ¼neÅŸten koruma Ã¶zelliÄŸi muhteÅŸem nemlendirme Ã¶zelliÄŸi harika benim favori Ã¼rÃ¼nÃ¼m oldu,5,2024-06-21 00:00:00
150,3,cildimin ihtiyacÄ±nÄ± tam olarak karÅŸÄ±layan bir Ã¼rÃ¼n sevdim,5,2024-06-21 00:00:00
151,4,ÃœrÃ¼nÃ¼ uzun zamandÄ±r kullanÄ±yorum zaten fiyat olarak da indirime gelmesi Ã§ok iyi oldu tavsiye ederim. kargo da gayet iyiydi hÄ±zlÄ± ve paketleme ğŸ‘,5,2022-05-14 00:00:00
152,4,Ben Ã¶zellikle gÃ¼neÅŸ kremi iÃ§in aldÄ±m ve iyi ki almÄ±ÅŸÄ±m cok ama cok gÃ¼zel kapatÄ±cÄ±lÄ±ÄŸÄ±da mÃ¼kemmel,5,2022-04-29 00:00:00
153,4,Harika Ã¼rÃ¼n senelerdir kullanÄ±yorum.,5,2025-03-06 00:00:00
154,4,Kremi sÃ¼rekli kullanÄ±yorum Ã§ok basarÄ±lÄ±..,5,2024-11-28 00:00:00
155,4,Cildime Ã§ok iyi geldi fondÃ¶ten kullanmayÄ± bÄ±raktÄ±m Ã§ok memnunum,5,2024-11-27 00:00:00
156,4,"Daha Ã¶ncede almÄ±ÅŸtÄ±m memnunum, renksiz gÃ¼neÅŸ kremi Ã¼zerine kapatÄ±cÄ± bb etkisi olsun diye kullanÄ±yorum Ã§ok memnunum",5,2024-08-02 00:00:00
157,4,Teyzem iÃ§in alÄ±yoruz. En sevdiÄŸi gÃ¼neÅŸ kremi. Ã‡ok memnun.,5,2023-11-12 00:00:00
158,4,"Cok guzel bir dokusu var ,ciltte parlamiyor,fondoten ihtiyacÄ±nÄ± karÅŸÄ±lÄ±yor, ben buÄŸday tenliyim kapatici sÃ¼rmuyorum artÄ±k, tavsiye ederim",5,2023-08-10 00:00:00
159,4,ÃœrÃ¼nÃ¼n kapaticiligi iyi.Temizleme jeli de sÃ¼per mis gibi kokuyor.Vichy kalitesi her zaman ki gibi ;),5,2023-07-20 00:00:00
160,4,GÃ¼neÅŸ kremi bb krem gibi. KorumasÄ± Ã§ok gÃ¼zel. Ancak sÃ¼rÃ¼nce Ã¼stÃ¼ne biraz makyaj yapmak gerekiyor. SÄ±va Ã§ekmiÅŸsin de Ã¼stÃ¼ne badana yapmamÄ±ÅŸsÄ±n gibi oluyor. YÃ¼z temizleme jeli iÃ§in efsane diyebilirim. Ã‡ok az bir miktarla Ã§ok gÃ¼zel temizliyor bÃ¼tÃ¼n gÃ¶zenekleri aÃ§Ä±yor. Hafif naneli. Yatmadan Ã¶nce gÃ¼neÅŸ kremini kesinlikle yÄ±kayÄ±n diye hediye ettiler ben,5,2023-07-20 00:00:00
161,4,GÃ¼neÅŸ kremi renkli ben beyaz tenliyim bende koyu durmadÄ± daÄŸÄ±lÄ±mÄ± kolay ince yapÄ±lÄ± sevdim,5,2023-07-19 00:00:00
162,4,Annem iÃ§in aldÄ±m Ã§ok beÄŸendi,5,2023-07-04 00:00:00
163,4,Ben hayatÄ±mda bu kadar gÃ¼zel bir gÃ¼neÅŸ kremi kullanmadÄ±m.SÃ¼rÃ¼mÃ¼ cok kÃ¶tÃ¼ sanki yÃ¼zÃ¼mde kalÄ±p varmis gibi oluyor sÃ¼rÃ¼nce.Ama yarÄ±m saat sonra harika bir hal alÄ±yor.Kirisikliklarimi hiÃ§ gÃ¶stermiyor bebek gibi bir cildim oluyor.100 puan olsa 100 veririm o kadar severek kullanÄ±yorum,5,2023-06-08 00:00:00
164,4,"hÄ±zlÄ± gelmesi paketleme harika Vichy kalitesi ,daha Ã¶nce kullanmÄ±ÅŸtÄ±m herkese Ã¶neririm teÅŸekkÃ¼r ederim",4,2023-05-24 00:00:00
165,4,"KapaticiliÄŸini Ã§ok begendim, kadife gibi... Yaz sÄ±caÄŸÄ±nda ilaveten fondoten sÃ¼rmeye gerek kalmiyor... BulaÅŸmiyor da, su bazli olduÄŸu iÃ§in yumuÅŸacÄ±k hissi veriyor...",5,2023-05-24 00:00:00
166,4,gÃ¼zel bi kapsayÄ±cÄ± ve koruycu tesekkurlet,5,2023-04-23 00:00:00
167,4,ÃœrÃ¼nÃ¼ kardeÅŸim ve kendim iÃ§in aldÄ±m yÃ¼z temizleme jelini pek sevemedim ama gÃ¼neÅŸ kremine bayÄ±ldÄ±m gerÃ§ekten harika bir Ã¼rÃ¼n almak isteyen varsa tavsiye ederim kardeÅŸim yÃ¼z temizleme jelini ve gÃ¼neÅŸ kremini Ã§ok beÄŸendi satÄ±cÄ± firmaya ve kargo ÅŸirketine teÅŸekkÃ¼r ederim ğŸ¥°ğŸ™,5,2022-12-02 00:00:00
168,4,KapatÄ±cÄ±lÄ±ÄŸÄ± Ã§ok iyi,5,2022-10-05 00:00:00
169,4,GÃ¼neÅŸ kremi renkli fondÃ¶ten gÃ¶revinde gÃ¶rÃ¼yor ve yÄ±kama jeline Ã¶zelikle bayÄ±ldÄ±m gÃ¼zel ikili diyebilirim â˜ºï¸,4,2022-08-24 00:00:00
170,4,"gÃ¼neÅŸ kremine bayÄ±ldÄ±m, yÃ¼z yÄ±kama jeli de favorim oldu",5,2022-08-23 00:00:00
171,4,Urunler orijinal yepyeni tarihli Ã§ok memnun kaldÄ±m GÃ¼neÅŸ kremi tam bir fondoten gÃ¶revi gÃ¶rÃ¼yor yaz ayÄ± iÃ§in ideal,5,2022-08-12 00:00:00
172,4,Gunes kremi okdr guze ki yazin baska bise surmenize gerek yok,5,2022-08-10 00:00:00
174,4,harika herkese tavsiye ederim,5,2022-07-31 00:00:00
175,4,Acayip mennum â¤ï¸ MÃ¼thiÅŸ bir kapatÄ±cÄ± tÃ¢bi ki altÄ±na bir nemlendirici sÃ¼rmeniz lazÄ±m,5,2022-07-15 00:00:00
176,4,ÃœrÃ¼nÃ¼ aldÄ±m ve hÄ±zlÄ± teslimat Ã§ok iyi.urunden gayet memnunum alcak olanlara da oneriyorum.,5,2022-06-03 00:00:00
177,4,mÃ¼kemmel zaten kullandÄ±ÄŸÄ±m bir Ã¼rÃ¼ndÃ¼r Ã§ok memnunum tavsiye ederim â˜ºï¸,5,2022-05-28 00:00:00
178,4,gÃ¼neÅŸ koruyucu uzun zamandÄ±r kullanÄ±yorum tavsiye ederim hediye iÃ§in teÅŸekkÃ¼rler,5,2022-05-10 00:00:00
179,4,buÄŸday tenliler iÃ§in kullanÄ±ÅŸlÄ± gunes kremi harika daÄŸÄ±lÄ±mÄ± var,5,2022-04-26 00:00:00
180,4,Bitince tekrar alacaÄŸÄ±m tek koruyucu krem mÃ¼kemmel tenk tonunu eÅŸitliyor. Tavsiye ederim,5,2022-04-17 00:00:00
181,4,ÃœrÃ¼nÃ¼ uzun zamandÄ±r kullanÄ±yorum zaten fiyat olarak da indirime gelmesi Ã§ok iyi oldu tavsiye ederim. kargo da gayet iyiydi hÄ±zlÄ± ve paketleme ğŸ‘,5,2022-05-14 00:00:00
182,4,Ben Ã¶zellikle gÃ¼neÅŸ kremi iÃ§in aldÄ±m ve iyi ki almÄ±ÅŸÄ±m cok ama cok gÃ¼zel kapatÄ±cÄ±lÄ±ÄŸÄ±da mÃ¼kemmel,5,2022-04-29 00:00:00
183,4,Harika Ã¼rÃ¼n senelerdir kullanÄ±yorum.,5,2025-03-06 00:00:00
184,4,Kremi sÃ¼rekli kullanÄ±yorum Ã§ok basarÄ±lÄ±..,5,2024-11-28 00:00:00
185,4,Cildime Ã§ok iyi geldi fondÃ¶ten kullanmayÄ± bÄ±raktÄ±m Ã§ok memnunum,5,2024-11-27 00:00:00
186,4,"Daha Ã¶ncede almÄ±ÅŸtÄ±m memnunum, renksiz gÃ¼neÅŸ kremi Ã¼zerine kapatÄ±cÄ± bb etkisi olsun diye kullanÄ±yorum Ã§ok memnunum",5,2024-08-02 00:00:00
187,4,Teyzem iÃ§in alÄ±yoruz. En sevdiÄŸi gÃ¼neÅŸ kremi. Ã‡ok memnun.,5,2023-11-12 00:00:00
188,4,"Cok guzel bir dokusu var ,ciltte parlamiyor,fondoten ihtiyacÄ±nÄ± karÅŸÄ±lÄ±yor, ben buÄŸday tenliyim kapatici sÃ¼rmuyorum artÄ±k, tavsiye ederim",5,2023-08-10 00:00:00
189,4,ÃœrÃ¼nÃ¼n kapaticiligi iyi.Temizleme jeli de sÃ¼per mis gibi kokuyor.Vichy kalitesi her zaman ki gibi ;),5,2023-07-20 00:00:00
190,4,GÃ¼neÅŸ kremi bb krem gibi. KorumasÄ± Ã§ok gÃ¼zel. Ancak sÃ¼rÃ¼nce Ã¼stÃ¼ne biraz makyaj yapmak gerekiyor. SÄ±va Ã§ekmiÅŸsin de Ã¼stÃ¼ne badana yapmamÄ±ÅŸsÄ±n gibi oluyor. YÃ¼z temizleme jeli iÃ§in efsane diyebilirim. Ã‡ok az bir miktarla Ã§ok gÃ¼zel temizliyor bÃ¼tÃ¼n gÃ¶zenekleri aÃ§Ä±yor. Hafif naneli. Yatmadan Ã¶nce gÃ¼neÅŸ kremini kesinlikle yÄ±kayÄ±n diye hediye ettiler ben,5,2023-07-20 00:00:00
191,4,GÃ¼neÅŸ kremi renkli ben beyaz tenliyim bende koyu durmadÄ± daÄŸÄ±lÄ±mÄ± kolay ince yapÄ±lÄ± sevdim,5,2023-07-19 00:00:00
192,4,Annem iÃ§in aldÄ±m Ã§ok beÄŸendi,5,2023-07-04 00:00:00
193,4,Ben hayatÄ±mda bu kadar gÃ¼zel bir gÃ¼neÅŸ kremi kullanmadÄ±m.SÃ¼rÃ¼mÃ¼ cok kÃ¶tÃ¼ sanki yÃ¼zÃ¼mde kalÄ±p varmis gibi oluyor sÃ¼rÃ¼nce.Ama yarÄ±m saat sonra harika bir hal alÄ±yor.Kirisikliklarimi hiÃ§ gÃ¶stermiyor bebek gibi bir cildim oluyor.100 puan olsa 100 veririm o kadar severek kullanÄ±yorum,5,2023-06-08 00:00:00
194,4,"hÄ±zlÄ± gelmesi paketleme harika Vichy kalitesi ,daha Ã¶nce kullanmÄ±ÅŸtÄ±m herkese Ã¶neririm teÅŸekkÃ¼r ederim",4,2023-05-24 00:00:00
195,4,"KapaticiliÄŸini Ã§ok begendim, kadife gibi... Yaz sÄ±caÄŸÄ±nda ilaveten fondoten sÃ¼rmeye gerek kalmiyor... BulaÅŸmiyor da, su bazli olduÄŸu iÃ§in yumuÅŸacÄ±k hissi veriyor...",5,2023-05-24 00:00:00
196,4,gÃ¼zel bi kapsayÄ±cÄ± ve koruycu tesekkurlet,5,2023-04-23 00:00:00
197,4,ÃœrÃ¼nÃ¼ kardeÅŸim ve kendim iÃ§in aldÄ±m yÃ¼z temizleme jelini pek sevemedim ama gÃ¼neÅŸ kremine bayÄ±ldÄ±m gerÃ§ekten harika bir Ã¼rÃ¼n almak isteyen varsa tavsiye ederim kardeÅŸim yÃ¼z temizleme jelini ve gÃ¼neÅŸ kremini Ã§ok beÄŸendi satÄ±cÄ± firmaya ve kargo ÅŸirketine teÅŸekkÃ¼r ederim ğŸ¥°ğŸ™,5,2022-12-02 00:00:00
198,4,KapatÄ±cÄ±lÄ±ÄŸÄ± Ã§ok iyi,5,2022-10-05 00:00:00
199,4,GÃ¼neÅŸ kremi renkli fondÃ¶ten gÃ¶revinde gÃ¶rÃ¼yor ve yÄ±kama jeline Ã¶zelikle bayÄ±ldÄ±m gÃ¼zel ikili diyebilirim â˜ºï¸,4,2022-08-24 00:00:00
200,4,"gÃ¼neÅŸ kremine bayÄ±ldÄ±m, yÃ¼z yÄ±kama jeli de favorim oldu",5,2022-08-23 00:00:00
201,5,KullanÄ±p yazmak istedim.Alacak olanlara tavsiye ediyorum.siyah nokta ve sÃ¼rekli tekrarlayan sivilcelerim var idi yaklaÅŸÄ±k bir ayda cildim dÃ¼zeldi.,5,2025-01-16 00:00:00
202,5,gayet gÃ¼zel,5,2024-12-22 00:00:00
203,5,KullanÄ±p yazmak istedim.Alacak olanlara tavsiye ediyorum.siyah nokta ve sÃ¼rekli tekrarlayan sivilcelerim var idi yaklaÅŸÄ±k bir ayda cildim dÃ¼zeldi.,5,2025-01-16 00:00:00
204,5,gayet gÃ¼zel,5,2024-12-22 00:00:00
205,5,KullanÄ±p yazmak istedim.Alacak olanlara tavsiye ediyorum.siyah nokta ve sÃ¼rekli tekrarlayan sivilcelerim var idi yaklaÅŸÄ±k bir ayda cildim dÃ¼zeldi.,5,2025-01-16 00:00:00
206,5,gayet gÃ¼zel,5,2024-12-22 00:00:00
207,5,KullanÄ±p yazmak istedim.Alacak olanlara tavsiye ediyorum.siyah nokta ve sÃ¼rekli tekrarlayan sivilcelerim var idi yaklaÅŸÄ±k bir ayda cildim dÃ¼zeldi.,5,2025-01-16 00:00:00
208,5,gayet gÃ¼zel,5,2024-12-22 00:00:00
209,5,KullanÄ±p yazmak istedim.Alacak olanlara tavsiye ediyorum.siyah nokta ve sÃ¼rekli tekrarlayan sivilcelerim var idi yaklaÅŸÄ±k bir ayda cildim dÃ¼zeldi.,5,2025-01-16 00:00:00
210,5,gayet gÃ¼zel,5,2024-12-22 00:00:00
211,5,KullanÄ±p yazmak istedim.Alacak olanlara tavsiye ediyorum.siyah nokta ve sÃ¼rekli tekrarlayan sivilcelerim var idi yaklaÅŸÄ±k bir ayda cildim dÃ¼zeldi.,5,2025-01-16 00:00:00
212,5,gayet gÃ¼zel,5,2024-12-22 00:00:00
213,5,KullanÄ±p yazmak istedim.Alacak olanlara tavsiye ediyorum.siyah nokta ve sÃ¼rekli tekrarlayan sivilcelerim var idi yaklaÅŸÄ±k bir ayda cildim dÃ¼zeldi.,5,2025-01-16 00:00:00
214,5,gayet gÃ¼zel,5,2024-12-22 00:00:00
215,5,KullanÄ±p yazmak istedim.Alacak olanlara tavsiye ediyorum.siyah nokta ve sÃ¼rekli tekrarlayan sivilcelerim var idi yaklaÅŸÄ±k bir ayda cildim dÃ¼zeldi.,5,2025-01-16 00:00:00
216,5,gayet gÃ¼zel,5,2024-12-22 00:00:00
217,5,KullanÄ±p yazmak istedim.Alacak olanlara tavsiye ediyorum.siyah nokta ve sÃ¼rekli tekrarlayan sivilcelerim var idi yaklaÅŸÄ±k bir ayda cildim dÃ¼zeldi.,5,2025-01-16 00:00:00
218,5,gayet gÃ¼zel,5,2024-12-22 00:00:00
219,5,KullanÄ±p yazmak istedim.Alacak olanlara tavsiye ediyorum.siyah nokta ve sÃ¼rekli tekrarlayan sivilcelerim var idi yaklaÅŸÄ±k bir ayda cildim dÃ¼zeldi.,5,2025-01-16 00:00:00
220,5,gayet gÃ¼zel,5,2024-12-22 00:00:00
221,5,KullanÄ±p yazmak istedim.Alacak olanlara tavsiye ediyorum.siyah nokta ve sÃ¼rekli tekrarlayan sivilcelerim var idi yaklaÅŸÄ±k bir ayda cildim dÃ¼zeldi.,5,2025-01-16 00:00:00
222,5,gayet gÃ¼zel,5,2024-12-22 00:00:00
223,5,KullanÄ±p yazmak istedim.Alacak olanlara tavsiye ediyorum.siyah nokta ve sÃ¼rekli tekrarlayan sivilcelerim var idi yaklaÅŸÄ±k bir ayda cildim dÃ¼zeldi.,5,2025-01-16 00:00:00
224,5,gayet gÃ¼zel,5,2024-12-22 00:00:00
225,5,KullanÄ±p yazmak istedim.Alacak olanlara tavsiye ediyorum.siyah nokta ve sÃ¼rekli tekrarlayan sivilcelerim var idi yaklaÅŸÄ±k bir ayda cildim dÃ¼zeldi.,5,2025-01-16 00:00:00
226,5,gayet gÃ¼zel,5,2024-12-22 00:00:00
227,5,KullanÄ±p yazmak istedim.Alacak olanlara tavsiye ediyorum.siyah nokta ve sÃ¼rekli tekrarlayan sivilcelerim var idi yaklaÅŸÄ±k bir ayda cildim dÃ¼zeldi.,5,2025-01-16 00:00:00
228,5,gayet gÃ¼zel,5,2024-12-22 00:00:00
229,5,KullanÄ±p yazmak istedim.Alacak olanlara tavsiye ediyorum.siyah nokta ve sÃ¼rekli tekrarlayan sivilcelerim var idi yaklaÅŸÄ±k bir ayda cildim dÃ¼zeldi.,5,2025-01-16 00:00:00
230,5,gayet gÃ¼zel,5,2024-12-22 00:00:00
231,6,daha Ã¶nce bukadar gÃ¼zel bir gÃ¼neÅŸ kremi kullanmamÄ±ÅŸtÄ±m hem cildimi gÃ¼neÅŸten koruyor hemde cilt tonunu esitliyor gerÃ§ekten harika dokusu ve kokusuda Ã§ok guzel,5,2024-04-30 00:00:00
232,6,YanÄ±nda tam boy hediye geldi. BeÄŸenerek kullanÄ±yorum,5,2024-10-05 00:00:00
233,6,Ä°ndirime girince almÄ±ÅŸtÄ±m Ã§ok beÄŸendim harika cilt tonunu Ã§ok iyi eÅŸitliyor tekrardan stoklayacaÄŸÄ±mm,5,2024-08-21 00:00:00
234,6,1 aydan fazla sÃ¼redir kullanÄ±yorum gerÃ§ekten memnunum cildimi Ä±ÅŸÄ±l Ä±ÅŸÄ±l yaptÄ± âœ¨,5,2024-07-23 00:00:00
235,6,YanÄ±nda gÃ¶nderdiÄŸiniz kÃ¼Ã§Ã¼k hediye iÃ§in teÅŸekkÃ¼r ederim ben zaten kullanÄ±yorum ceel beyazlatÄ±cÄ± kremi aÅŸÄ±rÄ± memnun kaldÄ±m yapÄ±sÄ± dokusu cildime Ã§ok iyi geldiÄŸi iÃ§in leke karÅŸÄ±tÄ± pembe olanÄ±na ÅŸans verdim. UmarÄ±m Buda gÃ¼zel Ã§Ä±kar sonra gÃ¼neÅŸ kremi sarÄ± olandan alÄ±cam,5,2024-07-19 00:00:00
236,6,gerÃ§ekten bayÄ±ldÄ±m,5,2024-07-11 00:00:00
237,6,SÃ¼per efsane hemen emiliyor Ã§ok gÃ¼zel,5,2024-07-08 00:00:00
238,6,indirimdeyken kendime ve arkadasima almistim kokusu salatalÄ±k gibi cok guzel kokuyor ayrica cilde verdigi parlaklÄ±k da mukemmel tam fp urunu,4,2024-06-29 00:00:00
239,6,o kadar gÃ¼zel bir Ã¼rÃ¼n ki tÃ¼m iÃ§tenlikle sÃ¶ylÃ¼yorum aylardÄ±r aradÄ±ÄŸÄ±m Ã¼rÃ¼n diyebilirim makyaj bazÄ± olarak kullanÄ±yorum bÃ¶yle bir porselen makyaj yok yani,5,2024-06-27 00:00:00
240,6,muhteÅŸem bir Ã¼rÃ¼n daha Ã¶nce kullandÄ±klarÄ±mÄ± Ã§Ã¶pe attÄ±m bir tek bunu bunu kullanÄ±yorum hepsinin yerini aldÄ± teÅŸekkÃ¼r ederim,5,2024-06-24 00:00:00
241,6,yaz aylarimjn vazgeÃ§ilmez Ã¼rÃ¼nÃ¼ severek kullanÄ±yorum. korumasÄ± harika ğŸ˜,5,2024-06-22 00:00:00
242,6,Efsane bir gÃ¼neÅŸ kremi kokusu ve emilimi Ã§ok iyi. BÃ¼tÃ¼n yaz boyunca Ã§antamda olacak gibi duruyor,5,2024-06-21 00:00:00
243,6,GÃ¼neÅŸ lekeleri iÃ§in aldÄ±m Ã¼rÃ¼nÃ¼ cilt tonum iÃ§in de kullanÄ±yorum ama dÃ¼zenli kullandÄ±ÄŸÄ±m iÃ§in yavaÅŸ yavaÅŸ faydasÄ± var,5,2024-06-20 00:00:00
244,6,O kadar gÃ¼zel bir gÃ¼neÅŸ kremi ki asla yanÄ±mdan ayÄ±rmÄ±yorum harikaaaaağŸ˜ğŸ˜,5,2024-06-19 00:00:00
245,6,Daha yeni yenemeye baÅŸladÄ±m ama gÃ¼zel duruyor,5,2024-06-19 00:00:00
246,6,GÃ¼neÅŸ kremi olarak veya gÃ¼nlÃ¼k kullanÄ±mda makyajÄ±n altÄ±na baz olarak kullanÄ±yorum Ã§okk iyi Ã¼rÃ¼n,5,2024-06-19 00:00:00
247,6,mÃ¼kemmel bir Ã¼rÃ¼n yaÄŸlÄ± yapÄ±ÅŸ yapÄ±ÅŸ his bÄ±rakmÄ±yor hemen emiliyor Ã§ok sevdim,5,2024-06-19 00:00:00
248,6,Ben beÄŸendim ton eÅŸitlemesi Ã§ok hoÅŸuma gitti karma ciltli biri olarak kullanÄ±yorum her gÃ¼n,5,2024-06-18 00:00:00
249,6,SÃ¼rdÃ¼ÄŸÃ¼m andan itibaren cildim daha eÅŸitlenmiÅŸ bir gÃ¶rÃ¼nÃ¼me kavuÅŸtu. KorumasÄ± gÃ¼zel. GÃ¼neÅŸte rahatÃ§a dolaÅŸabiliyorum.,5,2024-06-18 00:00:00
250,6,Cildim gÃ¼neÅŸte Ã§abuk leke oluÅŸturuyordu hem leke karÅŸÄ±tÄ± olmasÄ± hemde koruyuculuÄŸu yÃ¼ksek bu gÃ¼neÅŸ kremine bayÄ±ldÄ±m makyaj altÄ±na uyguluyorum yapÄ±ÅŸ yapÄ±ÅŸ Ã§ay olmuyor harika bir krem,5,2024-06-18 00:00:00
251,6,KardeÅŸim bayÄ±ldÄ± gazel adan,5,2024-06-17 00:00:00
252,6,bu gÃ¼neÅŸ kremine Ã§ok ihtiyacÄ±m vardÄ± aldÄ±m kullanÄ±yorum etkisinide gÃ¶rÃ¼yorum cildimdeki lekeler resmen silin sÃ¼pÃ¼rdÃ¼ tonlamaya Ã§ok gÃ¼zel bir ÅŸekilde eÅŸitledi tam benlik bir krem,5,2024-06-17 00:00:00
253,6,cilt tonumu eÅŸitledi sÃ¼rÃ¼ÅŸÃ¼ Ã§ok gÃ¼zel ipeksi yÃ¼zde yaÄŸlÄ±lÄ±k hissi bÄ±rakmÄ±yor yÃ¼zÃ¼m yumuÅŸacÄ±k oldu Bundan sonra bu gÃ¼neÅŸ kremi ile devam ediyorum.,5,2024-06-15 00:00:00
254,6,sÃ¼rekli olarak kullanÄ±yorum Ã§ok memnun kaldÄ±m.,5,2024-06-15 00:00:00
255,6,Bu sÄ±caklarda cildime en iyi gelen gÃ¼neÅŸ kremini bulduÄŸum iÃ§in Ã§ok mutluyum iyiki almÄ±ÅŸÄ±m,5,2024-06-15 00:00:00
256,6,Ã§ok gÃ¼zel bir Ã¼rÃ¼n su gibi tek odun kokusu salatalÄ±k gibi kokuyor,5,2024-06-15 00:00:00
257,6,Cildimde beyazlÄ±k bÄ±rakmadan gÃ¼neÅŸten koruyor,5,2024-06-15 00:00:00
258,6,Kokusu daÄŸÄ±lÄ±mÄ± harika bir krem hiÃ§ beyazlÄ±k bÄ±rakmÄ±yor gerÃ§ekten Ã§ok iyi,5,2024-06-14 00:00:00
259,6,Ä°kinci alÄ±ÅŸÄ±m Ã§ok memnun kaldÄ±m kokusuda Ã§ok gÃ¼zel alÄ±n aldÄ±rÄ±n derim ğŸ‘ğŸ»,5,2024-06-14 00:00:00
260,6,rengine ve etkisine bayÄ±ldÄ±m bitmeden stoklanmalÄ±,5,2024-06-14 00:00:00
261,6,daha Ã¶nce bukadar gÃ¼zel bir gÃ¼neÅŸ kremi kullanmamÄ±ÅŸtÄ±m hem cildimi gÃ¼neÅŸten koruyor hemde cilt tonunu esitliyor gerÃ§ekten harika dokusu ve kokusuda Ã§ok guzel,5,2024-04-30 00:00:00
262,6,YanÄ±nda tam boy hediye geldi. BeÄŸenerek kullanÄ±yorum,5,2024-10-05 00:00:00
263,6,Ä°ndirime girince almÄ±ÅŸtÄ±m Ã§ok beÄŸendim harika cilt tonunu Ã§ok iyi eÅŸitliyor tekrardan stoklayacaÄŸÄ±mm,5,2024-08-21 00:00:00
264,6,1 aydan fazla sÃ¼redir kullanÄ±yorum gerÃ§ekten memnunum cildimi Ä±ÅŸÄ±l Ä±ÅŸÄ±l yaptÄ± âœ¨,5,2024-07-23 00:00:00
265,6,YanÄ±nda gÃ¶nderdiÄŸiniz kÃ¼Ã§Ã¼k hediye iÃ§in teÅŸekkÃ¼r ederim ben zaten kullanÄ±yorum ceel beyazlatÄ±cÄ± kremi aÅŸÄ±rÄ± memnun kaldÄ±m yapÄ±sÄ± dokusu cildime Ã§ok iyi geldiÄŸi iÃ§in leke karÅŸÄ±tÄ± pembe olanÄ±na ÅŸans verdim. UmarÄ±m Buda gÃ¼zel Ã§Ä±kar sonra gÃ¼neÅŸ kremi sarÄ± olandan alÄ±cam,5,2024-07-19 00:00:00
266,6,gerÃ§ekten bayÄ±ldÄ±m,5,2024-07-11 00:00:00
267,6,SÃ¼per efsane hemen emiliyor Ã§ok gÃ¼zel,5,2024-07-08 00:00:00
268,6,indirimdeyken kendime ve arkadasima almistim kokusu salatalÄ±k gibi cok guzel kokuyor ayrica cilde verdigi parlaklÄ±k da mukemmel tam fp urunu,4,2024-06-29 00:00:00
269,6,o kadar gÃ¼zel bir Ã¼rÃ¼n ki tÃ¼m iÃ§tenlikle sÃ¶ylÃ¼yorum aylardÄ±r aradÄ±ÄŸÄ±m Ã¼rÃ¼n diyebilirim makyaj bazÄ± olarak kullanÄ±yorum bÃ¶yle bir porselen makyaj yok yani,5,2024-06-27 00:00:00
270,6,muhteÅŸem bir Ã¼rÃ¼n daha Ã¶nce kullandÄ±klarÄ±mÄ± Ã§Ã¶pe attÄ±m bir tek bunu bunu kullanÄ±yorum hepsinin yerini aldÄ± teÅŸekkÃ¼r ederim,5,2024-06-24 00:00:00
271,6,yaz aylarimjn vazgeÃ§ilmez Ã¼rÃ¼nÃ¼ severek kullanÄ±yorum. korumasÄ± harika ğŸ˜,5,2024-06-22 00:00:00
272,6,Efsane bir gÃ¼neÅŸ kremi kokusu ve emilimi Ã§ok iyi. BÃ¼tÃ¼n yaz boyunca Ã§antamda olacak gibi duruyor,5,2024-06-21 00:00:00
273,6,GÃ¼neÅŸ lekeleri iÃ§in aldÄ±m Ã¼rÃ¼nÃ¼ cilt tonum iÃ§in de kullanÄ±yorum ama dÃ¼zenli kullandÄ±ÄŸÄ±m iÃ§in yavaÅŸ yavaÅŸ faydasÄ± var,5,2024-06-20 00:00:00
274,6,O kadar gÃ¼zel bir gÃ¼neÅŸ kremi ki asla yanÄ±mdan ayÄ±rmÄ±yorum harikaaaaağŸ˜ğŸ˜,5,2024-06-19 00:00:00
275,6,Daha yeni yenemeye baÅŸladÄ±m ama gÃ¼zel duruyor,5,2024-06-19 00:00:00
276,6,GÃ¼neÅŸ kremi olarak veya gÃ¼nlÃ¼k kullanÄ±mda makyajÄ±n altÄ±na baz olarak kullanÄ±yorum Ã§okk iyi Ã¼rÃ¼n,5,2024-06-19 00:00:00
277,6,mÃ¼kemmel bir Ã¼rÃ¼n yaÄŸlÄ± yapÄ±ÅŸ yapÄ±ÅŸ his bÄ±rakmÄ±yor hemen emiliyor Ã§ok sevdim,5,2024-06-19 00:00:00
278,6,Ben beÄŸendim ton eÅŸitlemesi Ã§ok hoÅŸuma gitti karma ciltli biri olarak kullanÄ±yorum her gÃ¼n,5,2024-06-18 00:00:00
279,6,SÃ¼rdÃ¼ÄŸÃ¼m andan itibaren cildim daha eÅŸitlenmiÅŸ bir gÃ¶rÃ¼nÃ¼me kavuÅŸtu. KorumasÄ± gÃ¼zel. GÃ¼neÅŸte rahatÃ§a dolaÅŸabiliyorum.,5,2024-06-18 00:00:00
280,6,Cildim gÃ¼neÅŸte Ã§abuk leke oluÅŸturuyordu hem leke karÅŸÄ±tÄ± olmasÄ± hemde koruyuculuÄŸu yÃ¼ksek bu gÃ¼neÅŸ kremine bayÄ±ldÄ±m makyaj altÄ±na uyguluyorum yapÄ±ÅŸ yapÄ±ÅŸ Ã§ay olmuyor harika bir krem,5,2024-06-18 00:00:00
281,7,Ä°yi bir gÃ¼neÅŸ koruyucu kullanmÄ±ÅŸ birinin beÄŸeneceÄŸi bir Ã¼rÃ¼n deÄŸil. Sabun gibi sarÄ± elime sÃ¼rdÃ¼m nerdeyse renk veriyor. Ama bu fiyata da zaten iyi koruyucu alamazsÄ±nÄ±z. Sory,3,2025-03-17 00:00:00
282,7,Elime ulaÅŸtÄ± Ã§ok gÃ¼zel kokuyo heÅŸdye iÃ§in de teÅŸekkÃ¼r ederim ğŸ™‚,5,2025-03-07 00:00:00
283,7,ÃœrÃ¼n elime Ã§ok Ã§abuk ulaÅŸtÄ± kullanÄ±ÅŸÄ± pratik Ã§ok beÄŸendim gÃ¼neÅŸ te vazgeÃ§ilmezim oldu satÄ±cÄ±ya teÅŸekkÃ¼rler,5,2025-03-03 00:00:00
284,7,ÃœrÃ¼nÃ¼n kolay kullanÄ±mlÄ± ve makyaj Ã¼zerine bile sÃ¼rÃ¼lebilir olmasÄ±nÄ± Ã§ok sevdim. GÃ¼neÅŸ kremini Ã§antama atÄ±yorum ve gÃ¼n iÃ§erisinde yÃ¼zÃ¼mde makyaj olsa bile hemen sÃ¼rÃ¼veriyorum â¤ï¸,5,2024-08-21 00:00:00
285,7,"SÃ¼rÃ¼ÅŸÃ¼ Ã§ok kolay, gayet pratik Ã¼rÃ¼n beÄŸendim. Cebe sÄ±ÄŸÄ±yor.",5,2024-08-21 00:00:00
286,7,Ã¼rÃ¼nÃ¼n yapÄ±sÄ± ve dokusu Ã§ok gÃ¼zel kullanÄ±mÄ± Ã§ok kolay tam Ã§antaya atmalÄ±k bir Ã¼rÃ¼n ben bayÄ±ldÄ±m severek kullanÄ±yorum,5,2024-08-21 00:00:00
287,7,Paketleme Ã§ok gÃ¼zeldi Ã§antamda taÅŸÄ±yorum hediye iÃ§in teÅŸekkÃ¼rler,5,2024-08-21 00:00:00
288,7,pratik kullanÄ±mlÄ± bi Ã¼rÃ¼n heran her yerde rahat kullanÄ±labilir gÃ¼zel koruyuculuÄŸu severek kullanÄ±lan Ã¶neririm,5,2024-08-21 00:00:00
289,7,Denizde havuzda kullanabilirsiniz muhteÅŸem ğŸ§¡,5,2024-08-20 00:00:00
290,7,Tam Ã§antaya at Ã§Ä±k . Stick gÃ¼neÅŸ kremi arayÄ±ÅŸÄ±m vardi. Bu Ã¼rÃ¼nÃ¼ beÄŸendimm.kargoda Ã§abuktu.,5,2024-08-20 00:00:00
291,7,SÃ¼rÃ¼ÅŸÃ¼ Ã§ok kolay tam yanÄ±mda taÅŸÄ±malÄ±k.,5,2024-08-20 00:00:00
292,7,Kokusu Ã§ok gÃ¼zel.Ã§ok kolay sÃ¼rÃ¼lÃ¼yor.Ã§antada Ã§ok rahat taÅŸÄ±nÄ±r hep yanÄ±nÄ±zda olacak bir Ã¼rÃ¼n.,5,2024-07-23 00:00:00
293,7,BeÄŸendim Ã§ok,4,2025-03-17 00:00:00
294,7,Ã§ok pratik kÃ¼Ã§Ã¼k Ã¼rÃ¼n beÄŸendim.,5,2024-08-22 00:00:00
295,7,Ã‡ok beÄŸendim teÅŸekkÃ¼r ederim,5,2024-08-21 00:00:00
296,7,YÃ¼zÃ¼mde hiÃ§ yokmuÅŸ gibi hissettiriyor Ã§ok beÄŸendim,5,2024-08-21 00:00:00
297,7,ArtÄ±k benimde stick gÃ¼neÅŸ kremim var. Yaz kÄ±ÅŸ kullandÄ±ÄŸÄ±m iÃ§in bana bÃ¼yÃ¼k kolaylÄ±k saÄŸlÄ±yor. SevdiÄŸim ve gÃ¼vendiÄŸim bir marka olunca tabi ki bu daha da hoÅŸuma gidiyor. ğŸŒ¸ğŸŒ¸ğŸŒ¸ğŸ«¶,5,2024-08-21 00:00:00
298,7,Ã‡ok ihtiyacÄ±m vardÄ± bu kreme aÅŸÄ±rÄ± gÃ¼zel ğŸ‘ğŸ»,5,2024-08-21 00:00:00
299,7,"Tatil iÃ§in aldÄ±m henÃ¼z denemedim ama boyutu gÃ¼zel, Ã§antaya at Ã§Ä±k",5,2024-08-13 00:00:00
300,7,"Nemlendiriciyi ikinci alÄ±ÅŸÄ±mÄ±z, bu sefer stokladÄ±k diyelim :) DiÄŸerlerini ilk kez deneyeceÄŸim sadece tonik ve gÃ¼neÅŸ kremine bakabildim gayet baÅŸarÄ±lÄ±ydÄ±. Kahve ikramÄ± iÃ§in teÅŸekkÃ¼r ederim ğŸ™ğŸ»",5,2024-08-02 00:00:00
301,7,ufacÄ±k kucuk Ã§akmaktan hallice inÅŸ fayda ediyordur,5,2025-02-11 00:00:00
302,7,Ä°yi bir gÃ¼neÅŸ koruyucu kullanmÄ±ÅŸ birinin beÄŸeneceÄŸi bir Ã¼rÃ¼n deÄŸil. Sabun gibi sarÄ± elime sÃ¼rdÃ¼m nerdeyse renk veriyor. Ama bu fiyata da zaten iyi koruyucu alamazsÄ±nÄ±z. Sory,3,2025-03-17 00:00:00
303,7,Elime ulaÅŸtÄ± Ã§ok gÃ¼zel kokuyo heÅŸdye iÃ§in de teÅŸekkÃ¼r ederim ğŸ™‚,5,2025-03-07 00:00:00
304,7,ÃœrÃ¼n elime Ã§ok Ã§abuk ulaÅŸtÄ± kullanÄ±ÅŸÄ± pratik Ã§ok beÄŸendim gÃ¼neÅŸ te vazgeÃ§ilmezim oldu satÄ±cÄ±ya teÅŸekkÃ¼rler,5,2025-03-03 00:00:00
305,7,ÃœrÃ¼nÃ¼n kolay kullanÄ±mlÄ± ve makyaj Ã¼zerine bile sÃ¼rÃ¼lebilir olmasÄ±nÄ± Ã§ok sevdim. GÃ¼neÅŸ kremini Ã§antama atÄ±yorum ve gÃ¼n iÃ§erisinde yÃ¼zÃ¼mde makyaj olsa bile hemen sÃ¼rÃ¼veriyorum â¤ï¸,5,2024-08-21 00:00:00
306,7,"SÃ¼rÃ¼ÅŸÃ¼ Ã§ok kolay, gayet pratik Ã¼rÃ¼n beÄŸendim. Cebe sÄ±ÄŸÄ±yor.",5,2024-08-21 00:00:00
307,7,Ã¼rÃ¼nÃ¼n yapÄ±sÄ± ve dokusu Ã§ok gÃ¼zel kullanÄ±mÄ± Ã§ok kolay tam Ã§antaya atmalÄ±k bir Ã¼rÃ¼n ben bayÄ±ldÄ±m severek kullanÄ±yorum,5,2024-08-21 00:00:00
308,7,Paketleme Ã§ok gÃ¼zeldi Ã§antamda taÅŸÄ±yorum hediye iÃ§in teÅŸekkÃ¼rler,5,2024-08-21 00:00:00
309,7,pratik kullanÄ±mlÄ± bi Ã¼rÃ¼n heran her yerde rahat kullanÄ±labilir gÃ¼zel koruyuculuÄŸu severek kullanÄ±lan Ã¶neririm,5,2024-08-21 00:00:00
310,7,Denizde havuzda kullanabilirsiniz muhteÅŸem ğŸ§¡,5,2024-08-20 00:00:00
311,7,Tam Ã§antaya at Ã§Ä±k . Stick gÃ¼neÅŸ kremi arayÄ±ÅŸÄ±m vardi. Bu Ã¼rÃ¼nÃ¼ beÄŸendimm.kargoda Ã§abuktu.,5,2024-08-20 00:00:00
312,7,SÃ¼rÃ¼ÅŸÃ¼ Ã§ok kolay tam yanÄ±mda taÅŸÄ±malÄ±k.,5,2024-08-20 00:00:00
313,7,Kokusu Ã§ok gÃ¼zel.Ã§ok kolay sÃ¼rÃ¼lÃ¼yor.Ã§antada Ã§ok rahat taÅŸÄ±nÄ±r hep yanÄ±nÄ±zda olacak bir Ã¼rÃ¼n.,5,2024-07-23 00:00:00
314,7,BeÄŸendim Ã§ok,4,2025-03-17 00:00:00
315,7,Ã§ok pratik kÃ¼Ã§Ã¼k Ã¼rÃ¼n beÄŸendim.,5,2024-08-22 00:00:00
316,7,Ã‡ok beÄŸendim teÅŸekkÃ¼r ederim,5,2024-08-21 00:00:00
317,7,YÃ¼zÃ¼mde hiÃ§ yokmuÅŸ gibi hissettiriyor Ã§ok beÄŸendim,5,2024-08-21 00:00:00
318,7,ArtÄ±k benimde stick gÃ¼neÅŸ kremim var. Yaz kÄ±ÅŸ kullandÄ±ÄŸÄ±m iÃ§in bana bÃ¼yÃ¼k kolaylÄ±k saÄŸlÄ±yor. SevdiÄŸim ve gÃ¼vendiÄŸim bir marka olunca tabi ki bu daha da hoÅŸuma gidiyor. ğŸŒ¸ğŸŒ¸ğŸŒ¸ğŸ«¶,5,2024-08-21 00:00:00
319,7,Ã‡ok ihtiyacÄ±m vardÄ± bu kreme aÅŸÄ±rÄ± gÃ¼zel ğŸ‘ğŸ»,5,2024-08-21 00:00:00
320,7,"Tatil iÃ§in aldÄ±m henÃ¼z denemedim ama boyutu gÃ¼zel, Ã§antaya at Ã§Ä±k",5,2024-08-13 00:00:00
321,7,"Nemlendiriciyi ikinci alÄ±ÅŸÄ±mÄ±z, bu sefer stokladÄ±k diyelim :) DiÄŸerlerini ilk kez deneyeceÄŸim sadece tonik ve gÃ¼neÅŸ kremine bakabildim gayet baÅŸarÄ±lÄ±ydÄ±. Kahve ikramÄ± iÃ§in teÅŸekkÃ¼r ederim ğŸ™ğŸ»",5,2024-08-02 00:00:00
322,7,ufacÄ±k kucuk Ã§akmaktan hallice inÅŸ fayda ediyordur,5,2025-02-11 00:00:00
323,7,Ä°yi bir gÃ¼neÅŸ koruyucu kullanmÄ±ÅŸ birinin beÄŸeneceÄŸi bir Ã¼rÃ¼n deÄŸil. Sabun gibi sarÄ± elime sÃ¼rdÃ¼m nerdeyse renk veriyor. Ama bu fiyata da zaten iyi koruyucu alamazsÄ±nÄ±z. Sory,3,2025-03-17 00:00:00
324,7,Elime ulaÅŸtÄ± Ã§ok gÃ¼zel kokuyo heÅŸdye iÃ§in de teÅŸekkÃ¼r ederim ğŸ™‚,5,2025-03-07 00:00:00
325,7,ÃœrÃ¼n elime Ã§ok Ã§abuk ulaÅŸtÄ± kullanÄ±ÅŸÄ± pratik Ã§ok beÄŸendim gÃ¼neÅŸ te vazgeÃ§ilmezim oldu satÄ±cÄ±ya teÅŸekkÃ¼rler,5,2025-03-03 00:00:00
326,7,ÃœrÃ¼nÃ¼n kolay kullanÄ±mlÄ± ve makyaj Ã¼zerine bile sÃ¼rÃ¼lebilir olmasÄ±nÄ± Ã§ok sevdim. GÃ¼neÅŸ kremini Ã§antama atÄ±yorum ve gÃ¼n iÃ§erisinde yÃ¼zÃ¼mde makyaj olsa bile hemen sÃ¼rÃ¼veriyorum â¤ï¸,5,2024-08-21 00:00:00
327,7,"SÃ¼rÃ¼ÅŸÃ¼ Ã§ok kolay, gayet pratik Ã¼rÃ¼n beÄŸendim. Cebe sÄ±ÄŸÄ±yor.",5,2024-08-21 00:00:00
328,7,Ã¼rÃ¼nÃ¼n yapÄ±sÄ± ve dokusu Ã§ok gÃ¼zel kullanÄ±mÄ± Ã§ok kolay tam Ã§antaya atmalÄ±k bir Ã¼rÃ¼n ben bayÄ±ldÄ±m severek kullanÄ±yorum,5,2024-08-21 00:00:00
329,7,Paketleme Ã§ok gÃ¼zeldi Ã§antamda taÅŸÄ±yorum hediye iÃ§in teÅŸekkÃ¼rler,5,2024-08-21 00:00:00
330,7,pratik kullanÄ±mlÄ± bi Ã¼rÃ¼n heran her yerde rahat kullanÄ±labilir gÃ¼zel koruyuculuÄŸu severek kullanÄ±lan Ã¶neririm,5,2024-08-21 00:00:00
331,8,saglam geldi hediyeler icin tesekkurler,5,2025-03-10 00:00:00
332,8,kuru ciltler bayÄ±lÄ±r makyaj altÄ±na Ã§ok iyi duruyo yanÄ±nda gÃ¶nderdiÄŸiniz tester iÃ§in teÅŸekkÃ¼rler,5,2025-03-18 00:00:00
333,8,GÃ¼zel beÄŸendim,5,2025-03-18 00:00:00
334,8,severek kullanÄ±yorum nemlendirmesi gÃ¼zel komedon sivilce yapmadÄ±,5,2025-03-17 00:00:00
335,8,GÃ¼zel beÄŸendim,5,2025-03-17 00:00:00
336,8,AÅŸÄ±rÄ± terletiyor,2,2025-03-17 00:00:00
337,8,"ÃœrÃ¼n iyi. Nemlendiriyor ve hemen emiliyor, yapÄ±ÅŸkanlÄ±k hissi bÄ±rakmÄ±yor. YalnÄ±z ben herhangi bir renk aÃ§Ä±cÄ± Ã¶zelliÄŸi olmadÄ±ÄŸÄ± iÃ§in tek baÅŸÄ±na tercih etmiyorum. Makyaj altÄ±na iyi gider",4,2025-03-13 00:00:00
338,8,ÃœrÃ¼nÃ¼ daha kullanmadÄ±m ama satÄ±cÄ±ya ayrÄ±ca teÅŸekkÃ¼r ederim bonkÃ¶rlÃ¼ÄŸÃ¼nden Ã¶tÃ¼rÃ¼ 5 tane de tester koymuÅŸlar ÅŸu dÃ¶nemde muazzam ğŸ˜„,4,2025-03-13 00:00:00
339,8,paketlenmesi Ã§ok gÃ¼zel yanÄ±nda bir sÃ¼rÃ¼ testÄ±r gÃ¶ndermiÅŸler ğŸ¥¹teÅŸekkÃ¼rler soltisss,5,2025-03-12 00:00:00
340,8,nemlendirici sÃ¼rmeden tÃ¼m gÃ¼n gÃ¼neÅŸ kremini rahatlÄ±kla yeniliyorum Ã¼stelik TR markasÄ± tam destek,5,2025-03-12 00:00:00
341,8,Ã§ok iyi bir gÃ¼neÅŸ kremi,5,2025-03-04 00:00:00
342,8,ÃœrÃ¼n Ã§ok iyi kuru bir cilde sahibim ve gÃ¼zel nemlendiriyor. korktuÄŸum gibi olmadÄ± hemen yÃ¼zÃ¼mden uÃ§madÄ±. yaÄŸlÄ± ciltlere uygun deÄŸil bence. Hediyeler iÃ§in teÅŸekkÃ¼r..,4,2025-03-01 00:00:00
343,8,hassas ciltli biri olarak en beÄŸendiÄŸim gÃ¼neÅŸ kremi oldu,5,2025-02-26 00:00:00
344,8,"Paketleme gayet gÃ¼zel, nemlendirmesi de iyi",5,2025-02-25 00:00:00
345,8,Ã¼rÃ¼nÃ¼ uzun zamandÄ±r kullanÄ±yorum ikinci tÃ¼pÃ¼m bu.sÃ¼rduÄŸum anda parlak ve yumuÅŸak bir gÃ¶rÃ¼ntÃ¼ veriyor.nemlendirici sÃ¼rmÃ¼yorum genelde bunu kullanÄ±rken ve Ã§ok gÃ¼zel nemlendiriyor.,5,2025-02-25 00:00:00
346,8,ÃœrÃ¼nÃ¼ dÃ¼zenli olarak daha kullanmaya baÅŸlamadÄ±m ama nemlendiriciliÄŸi olsun kokusuz ve yaÄŸsÄ±z olmasÄ± gerÃ§ekten gÃ¼zel . Hediyeler iÃ§in de teÅŸekkÃ¼r ederim.,4,2025-02-19 00:00:00
347,8,Benim cildim oldukÃ§a yaÄŸlÄ± bence uygun deÄŸil kÄ±ÅŸ ayÄ±nda kullanmama raÄŸmen aÄŸÄ±r geldi.Bence kuru ciltler iÃ§in uygun.Hediye iÃ§in teÅŸekkÃ¼rler.,2,2025-02-05 00:00:00
348,8,Ã‡ok severek kullanÄ±yorum,5,2025-01-14 00:00:00
349,8,cildim karma ÅŸakin kÄ±ÅŸ ayÄ± olduÄŸu iÃ§in ÅŸuan tam istediÄŸim kÄ±vamda ve sÃ¼rÃ¼mÃ¼ kolay,5,2025-01-11 00:00:00
350,8,hediyeler iÃ§in Ã§ok teÅŸekkÃ¼r ederim ğŸ˜ŠğŸŒ¹,5,2025-01-01 00:00:00
351,8,"Ä°lk kullanÄ±mÄ±ma gÃ¶re nemlendirmesi Ã§ok gÃ¼zel, beyazlÄ±k bÄ±rakmÄ±yor Ã§ok hÄ±zlÄ± emildi ben beÄŸendim",5,2024-12-25 00:00:00
352,8,Ã‡ok gÃ¼zel Ã§ok beÄŸendim yumuÅŸacÄ±k nemlendirici Ã¶zellikli zaten tek bir defa sÃ¼rdÃ¼m etkisini Ã§ok beÄŸendim .,5,2024-12-25 00:00:00
353,8,"Ã‡ok gÃ¼zel bir gÃ¼neÅŸ kremi yÃ¼zÃ¼m kuru ve hassas, bana Ã§ok iyi geldi kolay yayÄ±lÄ±yor kokusuz. Ama indirimde almak lazÄ±m fiyatÄ± miktarÄ±na gÃ¶re pahalÄ±",5,2024-12-25 00:00:00
354,8,@eczacÄ±bakÄ±m tavsiyesi ile aldÄ±m kullandÄ±kÃ§a yorumu gÃ¼ncellerim. hediye iÃ§in teÅŸekkÃ¼rler,5,2024-12-22 00:00:00
355,8,"Ä°lk izlenim olarak sÃ¼rdÃ¼ÄŸÃ¼mde beyaz iz birakmadi,emilmesi biraz zaman aldi hafif yagli yapida karma cildim suan anlasti.Soyulma yapmadi.Hediye numuneler icin de teÅŸekkÃ¼r ederim",5,2024-12-21 00:00:00
356,8,Hafif yapÄ±lÄ± ve nem veren yÃ¼ksek koruyucu bir gÃ¼neÅŸ kremi arayanlar iÃ§in Ã§ok tavsiye ederim.,5,2024-12-19 00:00:00
357,8,yorumlara bakarak aldim kullaninca guncellerim hediyeler icin cok teÅŸekkÃ¼rler,5,2024-12-18 00:00:00
358,8,hem cildimi pamuk gibi yumuÅŸacÄ±k yapÄ±yor hem de asla yaÄŸlÄ± bir his ve gÃ¶rÃ¼ntÃ¼ bÄ±rakmÄ±yor. hem Ä±ÅŸÄ±l Ä±ÅŸÄ±l canlÄ± ve parlayan bir cildim oluyor hem de yÃ¼ksek bir korumasÄ± var. cildimi bebek gibi Ä±ÅŸÄ±l Ä±ÅŸÄ±l yapÄ±yor. Ã¶zellikle cildiniz gÃ¼neÅŸ kremini emmiyorsa Ã§ok kolay daÄŸÄ±ldÄ±ÄŸÄ± iÃ§in bunu Ã§ok seversiniz,5,2024-12-18 00:00:00
359,8,Cildi gÃ¼neÅŸten korurken makyaj altÄ±ndan inanÄ±lmaz saÄŸlÄ±klÄ± canlÄ± bir cilt efekti veriyor ben Ã§ok memnun kaldÄ±mğŸ’œ,5,2024-12-17 00:00:00
360,8,Instgramdan takip ettiÄŸim bir eczacÄ± Ã¶nerisi ile aldim ama ne kadar gÃ¼zel hem fiyat hem performans yumuÅŸacÄ±k sÃ¼rÃ¼mÃ¼ anÄ±nda emiyor nemlendirme Ã¶zelliÄŸi iÃ§erik Ã§ok temiz,5,2024-12-13 00:00:00
361,8,saglam geldi hediyeler icin tesekkurler,5,2025-03-10 00:00:00
362,8,kuru ciltler bayÄ±lÄ±r makyaj altÄ±na Ã§ok iyi duruyo yanÄ±nda gÃ¶nderdiÄŸiniz tester iÃ§in teÅŸekkÃ¼rler,5,2025-03-18 00:00:00
363,8,GÃ¼zel beÄŸendim,5,2025-03-18 00:00:00
364,8,severek kullanÄ±yorum nemlendirmesi gÃ¼zel komedon sivilce yapmadÄ±,5,2025-03-17 00:00:00
365,8,GÃ¼zel beÄŸendim,5,2025-03-17 00:00:00
366,8,AÅŸÄ±rÄ± terletiyor,2,2025-03-17 00:00:00
367,8,"ÃœrÃ¼n iyi. Nemlendiriyor ve hemen emiliyor, yapÄ±ÅŸkanlÄ±k hissi bÄ±rakmÄ±yor. YalnÄ±z ben herhangi bir renk aÃ§Ä±cÄ± Ã¶zelliÄŸi olmadÄ±ÄŸÄ± iÃ§in tek baÅŸÄ±na tercih etmiyorum. Makyaj altÄ±na iyi gider",4,2025-03-13 00:00:00
368,8,ÃœrÃ¼nÃ¼ daha kullanmadÄ±m ama satÄ±cÄ±ya ayrÄ±ca teÅŸekkÃ¼r ederim bonkÃ¶rlÃ¼ÄŸÃ¼nden Ã¶tÃ¼rÃ¼ 5 tane de tester koymuÅŸlar ÅŸu dÃ¶nemde muazzam ğŸ˜„,4,2025-03-13 00:00:00
369,8,paketlenmesi Ã§ok gÃ¼zel yanÄ±nda bir sÃ¼rÃ¼ testÄ±r gÃ¶ndermiÅŸler ğŸ¥¹teÅŸekkÃ¼rler soltisss,5,2025-03-12 00:00:00
370,8,nemlendirici sÃ¼rmeden tÃ¼m gÃ¼n gÃ¼neÅŸ kremini rahatlÄ±kla yeniliyorum Ã¼stelik TR markasÄ± tam destek,5,2025-03-12 00:00:00
371,8,Ã§ok iyi bir gÃ¼neÅŸ kremi,5,2025-03-04 00:00:00
372,8,ÃœrÃ¼n Ã§ok iyi kuru bir cilde sahibim ve gÃ¼zel nemlendiriyor. korktuÄŸum gibi olmadÄ± hemen yÃ¼zÃ¼mden uÃ§madÄ±. yaÄŸlÄ± ciltlere uygun deÄŸil bence. Hediyeler iÃ§in teÅŸekkÃ¼r..,4,2025-03-01 00:00:00
373,8,hassas ciltli biri olarak en beÄŸendiÄŸim gÃ¼neÅŸ kremi oldu,5,2025-02-26 00:00:00
374,8,"Paketleme gayet gÃ¼zel, nemlendirmesi de iyi",5,2025-02-25 00:00:00
375,8,Ã¼rÃ¼nÃ¼ uzun zamandÄ±r kullanÄ±yorum ikinci tÃ¼pÃ¼m bu.sÃ¼rduÄŸum anda parlak ve yumuÅŸak bir gÃ¶rÃ¼ntÃ¼ veriyor.nemlendirici sÃ¼rmÃ¼yorum genelde bunu kullanÄ±rken ve Ã§ok gÃ¼zel nemlendiriyor.,5,2025-02-25 00:00:00
376,8,ÃœrÃ¼nÃ¼ dÃ¼zenli olarak daha kullanmaya baÅŸlamadÄ±m ama nemlendiriciliÄŸi olsun kokusuz ve yaÄŸsÄ±z olmasÄ± gerÃ§ekten gÃ¼zel . Hediyeler iÃ§in de teÅŸekkÃ¼r ederim.,4,2025-02-19 00:00:00
377,8,Benim cildim oldukÃ§a yaÄŸlÄ± bence uygun deÄŸil kÄ±ÅŸ ayÄ±nda kullanmama raÄŸmen aÄŸÄ±r geldi.Bence kuru ciltler iÃ§in uygun.Hediye iÃ§in teÅŸekkÃ¼rler.,2,2025-02-05 00:00:00
378,8,Ã‡ok severek kullanÄ±yorum,5,2025-01-14 00:00:00
379,8,cildim karma ÅŸakin kÄ±ÅŸ ayÄ± olduÄŸu iÃ§in ÅŸuan tam istediÄŸim kÄ±vamda ve sÃ¼rÃ¼mÃ¼ kolay,5,2025-01-11 00:00:00
380,8,hediyeler iÃ§in Ã§ok teÅŸekkÃ¼r ederim ğŸ˜ŠğŸŒ¹,5,2025-01-01 00:00:00
381,9,Ã¼rÃ¼n kaliteli teÅŸekkÃ¼r ediyorum indirim bekleyeceÄŸim,3,2024-10-06 00:00:00
382,9,Ã‡ok beÄŸeniyorummm indirime girdikÃ§e stoklamaya devam,5,2024-07-28 00:00:00
383,9,Herzaman kullandÄ±ÄŸÄ±m Ã¼rÃ¼n ben Ã§ok memnunum cildim ay gibi parlÄ±yor ğŸ˜,5,2024-05-25 00:00:00
384,9,Ã‡ok teÅŸekkÃ¼r ederim plaj Ã§antasÄ± hediye gÃ¶ndermiÅŸler Ã¼rÃ¼nlerimde sapasaÄŸlam Ã¶zenli bir ÅŸekilde ulaÅŸtÄ± bana emeÄŸi geÃ§enlere teÅŸekkÃ¼r ederim ğŸ¤—ğŸ¤—,5,2024-05-14 00:00:00
385,9,Her zaman alÄ±ÅŸveriÅŸ yaptÄ±ÄŸÄ±m site kuru ciltliler iÃ§in gÃ¼zel seÃ§enek hediye olarak Ã§anta gÃ¶ndermiÅŸler teÅŸekkÃ¼r ederim ğŸ«¶,5,2024-05-10 00:00:00
386,9,Stok yapÄ±lÄ±r,5,2024-05-09 00:00:00
387,9,BaÅŸarÄ±lÄ± bir Ã¼rÃ¼n boyutuna nazarn bi tÄ±k pahalÄ± ama etkisi Ã§ok gÃ¼zel kuru ciltli olanlar sever anneme almÄ±ÅŸtÄ±m severek kullanÄ±yor,4,2024-05-03 00:00:00
388,9,Kuru cildi olanlar tereddÃ¼tsÃ¼z alabilir,5,2024-04-24 00:00:00
389,9,StokladÄ±ÄŸÄ±m bir Ã¼rÃ¼n kuru ciltler iÃ§in gÃ¼zel,5,2024-04-20 00:00:00
390,9,YÄ±llardÄ±r kullandÄ±ÄŸÄ±m Ã¼rÃ¼n cildime en iyi gelen gÃ¼neÅŸ kremi beyazlÄ±k kalmÄ±yor pÃ¼tÃ¼rlenmiyor nemli kuru cidiniz varsa dÃ¼ÅŸÃ¼nmeden alÄ±n,5,2024-04-15 00:00:00
391,9,Ã‡ok hassas kuru bi cilde sahipseniz hiÃ§ dÃ¼ÅŸÃ¼nmeden alÄ±n Naos orjinal satÄ±Ä±cÄ±sÄ±ndan almayÄ± tercih etmelisiniz.,5,2024-04-14 00:00:00
392,9,Ã‡ok iyi bir ÅŸekilde teslim edildi kuru cildime sÃ¼per oturdu parlama yapmÄ±yor cildim hemen emiyor,5,2024-04-13 00:00:00
393,9,Daha Ã¶nce bu marka Ã¼rÃ¼nÃ¼ kullanÄ±p memnun kalmÄ±ÅŸtÄ±m. Ã‡ok hÄ±zlÄ± bir ÅŸekilde Ã¶zenli paketleme ile teslim edildi. Orijinallik sorgulamasÄ±nÄ± da yaptÄ±m Ã¼rÃ¼n orijinal olarak gelmiÅŸ.,4,2024-04-08 00:00:00
394,9,Cildim Ã§ok kuru ama bu Ã¼rÃ¼n yÃ¼zÃ¼me Ã§ok iyi geldi,5,2024-04-01 00:00:00
395,9,cok memnunum her zaman kullandigim urun rozali ve kuru cildime cok iyi geliyor,5,2024-03-23 00:00:00
396,9,Favori gÃ¼neÅŸ kremim,4,2024-03-18 00:00:00
397,9,mÃ¼kemmel yaaaa . kuru ciltler hemen stoklamlÄ±.,5,2023-07-23 00:00:00
398,9,kÄ±zÄ±m iÃ§in aldÄ±m Dr tavsiyesi harika,5,2023-07-10 00:00:00
399,9,BittikÃ§e stokluyorum hassas ciltler iÃ§in Ã§ok guzel,5,2023-06-21 00:00:00
400,9,kullandÄ±ÄŸÄ±m en iyi gÃ¼neÅŸ kremi,5,2023-06-21 00:00:00
401,9,"AÅŸÄ±rÄ± kuru ciltliyim, sÃ¼rekli kullandÄ±ÄŸÄ±m bir gÃ¼neÅŸ kremi bu. SÃ¼rÃ¼mÃ¼ kolay ve YaÄŸlÄ± his bÄ±rakmadan cildi nemli tutuyor",5,2023-06-11 00:00:00
402,9,Ã§ok beÄŸendim indirime girdikÃ§e stokluyorumâœ¨,5,2023-06-06 00:00:00
403,9,Uzun zamandÄ±r kullanÄ±yorum ve cildime iyi gelen bu kadar gÃ¼neÅŸ kremi olmamÄ±ÅŸtÄ± severek kullanÄ±yorum elimdeki bittiÄŸi an tekrar alÄ±cam sizde tereddÃ¼t etmeden alabilirsiniz,5,2023-05-29 00:00:00
404,9,KullandÄ±ÄŸÄ±m en iyi gÃ¼neÅŸ kremi.Makyaj altÄ±na kullanÄ±yorum.Akma yapmÄ±yor pÃ¼tÃ¼r pÃ¼tÃ¼r durmuyor.Aksine baz gibi Ã§ok gÃ¼zel parlatÄ±yor cildi.ğŸŒ¸,5,2023-05-28 00:00:00
405,9,2 yÄ±ldÄ±r kullanÄ±yorum indirime girdikÃ§e stok yapÄ±yorum aÃ§Ä±kÃ§asÄ± adeta bir baz gibi beyaz iz de bÄ±rakmÄ±yor,5,2023-05-20 00:00:00
406,9,BeÄŸendim gÃ¼zel bir gÃ¼neÅŸ kremi,5,2023-05-07 00:00:00
407,9,SÃ¼rekli kullandÄ±ÄŸÄ±m gÃ¼neÅŸ kremim bittikÃ§e stokluyorum Ã§ok gÃ¼zel yumuÅŸacÄ±k ve aydÄ±nlÄ±k bir gÃ¶rÃ¼nÃ¼m veriyor cildim parlÄ±yor adeta ğŸ¥°,5,2023-05-05 00:00:00
408,9,Hassas bir cilde sahibim gÃ¼venle kullanÄ±yorum,4,2023-05-02 00:00:00
409,9,KullandÄ±gÄ±m en iyi gÃ¼neÅŸ kremi,5,2023-05-01 00:00:00
410,9,Paketleme gayet Ã¶zenliydi sÃ¼rekli kullandÄ±ÄŸÄ±m bir Ã¼rÃ¼n,5,2023-04-29 00:00:00
411,9,Ã¼rÃ¼n kaliteli teÅŸekkÃ¼r ediyorum indirim bekleyeceÄŸim,3,2024-10-06 00:00:00
412,9,Ã‡ok beÄŸeniyorummm indirime girdikÃ§e stoklamaya devam,5,2024-07-28 00:00:00
413,9,Herzaman kullandÄ±ÄŸÄ±m Ã¼rÃ¼n ben Ã§ok memnunum cildim ay gibi parlÄ±yor ğŸ˜,5,2024-05-25 00:00:00
414,9,Ã‡ok teÅŸekkÃ¼r ederim plaj Ã§antasÄ± hediye gÃ¶ndermiÅŸler Ã¼rÃ¼nlerimde sapasaÄŸlam Ã¶zenli bir ÅŸekilde ulaÅŸtÄ± bana emeÄŸi geÃ§enlere teÅŸekkÃ¼r ederim ğŸ¤—ğŸ¤—,5,2024-05-14 00:00:00
415,9,Her zaman alÄ±ÅŸveriÅŸ yaptÄ±ÄŸÄ±m site kuru ciltliler iÃ§in gÃ¼zel seÃ§enek hediye olarak Ã§anta gÃ¶ndermiÅŸler teÅŸekkÃ¼r ederim ğŸ«¶,5,2024-05-10 00:00:00
416,9,Stok yapÄ±lÄ±r,5,2024-05-09 00:00:00
417,9,BaÅŸarÄ±lÄ± bir Ã¼rÃ¼n boyutuna nazarn bi tÄ±k pahalÄ± ama etkisi Ã§ok gÃ¼zel kuru ciltli olanlar sever anneme almÄ±ÅŸtÄ±m severek kullanÄ±yor,4,2024-05-03 00:00:00
418,9,Kuru cildi olanlar tereddÃ¼tsÃ¼z alabilir,5,2024-04-24 00:00:00
419,9,StokladÄ±ÄŸÄ±m bir Ã¼rÃ¼n kuru ciltler iÃ§in gÃ¼zel,5,2024-04-20 00:00:00
420,9,YÄ±llardÄ±r kullandÄ±ÄŸÄ±m Ã¼rÃ¼n cildime en iyi gelen gÃ¼neÅŸ kremi beyazlÄ±k kalmÄ±yor pÃ¼tÃ¼rlenmiyor nemli kuru cidiniz varsa dÃ¼ÅŸÃ¼nmeden alÄ±n,5,2024-04-15 00:00:00
421,9,Ã‡ok hassas kuru bi cilde sahipseniz hiÃ§ dÃ¼ÅŸÃ¼nmeden alÄ±n Naos orjinal satÄ±Ä±cÄ±sÄ±ndan almayÄ± tercih etmelisiniz.,5,2024-04-14 00:00:00
422,9,Ã‡ok iyi bir ÅŸekilde teslim edildi kuru cildime sÃ¼per oturdu parlama yapmÄ±yor cildim hemen emiyor,5,2024-04-13 00:00:00
423,9,Daha Ã¶nce bu marka Ã¼rÃ¼nÃ¼ kullanÄ±p memnun kalmÄ±ÅŸtÄ±m. Ã‡ok hÄ±zlÄ± bir ÅŸekilde Ã¶zenli paketleme ile teslim edildi. Orijinallik sorgulamasÄ±nÄ± da yaptÄ±m Ã¼rÃ¼n orijinal olarak gelmiÅŸ.,4,2024-04-08 00:00:00
424,9,Cildim Ã§ok kuru ama bu Ã¼rÃ¼n yÃ¼zÃ¼me Ã§ok iyi geldi,5,2024-04-01 00:00:00
425,9,cok memnunum her zaman kullandigim urun rozali ve kuru cildime cok iyi geliyor,5,2024-03-23 00:00:00
426,9,Favori gÃ¼neÅŸ kremim,4,2024-03-18 00:00:00
427,9,mÃ¼kemmel yaaaa . kuru ciltler hemen stoklamlÄ±.,5,2023-07-23 00:00:00
428,9,kÄ±zÄ±m iÃ§in aldÄ±m Dr tavsiyesi harika,5,2023-07-10 00:00:00
429,9,BittikÃ§e stokluyorum hassas ciltler iÃ§in Ã§ok guzel,5,2023-06-21 00:00:00
430,9,kullandÄ±ÄŸÄ±m en iyi gÃ¼neÅŸ kremi,5,2023-06-21 00:00:00
431,10,Ã¼rÃ¼n gerÃ§ekten Ã§ok gÃ¼zel emilimi sahane tavsiye ederim herkese,5,2024-07-17 00:00:00
432,10,yaÄŸlÄ± bir Ã¼rÃ¼n beklerken pek de Ã¶yle Ã§Ä±kmadÄ±. kollarÄ±ma ve bacaklarÄ±ma kullandÄ±m. hemen emiliyor ve yumuÅŸak bir his. yaÄŸlÄ± deÄŸil ancak nemli. bulaÅŸma ve kiyafette sarÄ± leke de yapmadÄ±. indirimden deÄŸerlendirilip tekrar alabilirim,5,2024-06-24 00:00:00
433,10,"bir sÃ¼re kullanÄ±p ondan sonra yazmak istedim...Ã¼rÃ¼n anlatÄ±ldÄ±ÄŸÄ± gibi geldi, hÄ±zlÄ± kargo. bir arkadaÅŸÄ±m egzamalÄ± cildi iÃ§in kullanÄ±yordu, bana da Ã¶nermiÅŸti.hassas cildimi irrite etmeyen TEK GÃœNEÅ KREMÄ°.",5,2024-03-02 00:00:00
434,10,Bu markanÄ±n Ã¼rÃ¼nlerini beÄŸeniyorum.Ã¼rÃ¼nÃ¼mÃ¼n pompasÄ± bozuk gelmiÅŸti.firmayla iletiÅŸime geÃ§tim.sorunu hemen Ã§Ã¶zdÃ¼ler.teÅŸekkÃ¼rler,5,2024-02-12 00:00:00
435,10,Ã¼rÃ¼nÃ¼m kargodan cikmadi saticidan cevap bekliyorum lÃ¼tfen tesekkurler,5,2024-07-04 00:00:00
436,10,YapÄ±sÄ± gÃ¼zel yaÄŸlÄ± hissi bÄ±rakmÄ±yor rahatsÄ±z edici deÄŸil ancak oÄŸlum kokusunu sevmedi kullanmak istemedi . AÃ§Ä±kÃ§asÄ± kokusu bana da aÄŸÄ±r geldi biraz .,3,2024-07-04 00:00:00
437,10,emre konuÅŸuyor Ã¶nerisiyle aldÄ±m. kargo ve paketleme de sorun yaÅŸamadÄ±m.,5,2024-08-17 00:00:00
438,10,fiyati uygun biz Ã§ok beÄŸendik tavsiye edilir,5,2024-08-02 00:00:00
439,10,Ã¼rÃ¼nÃ¼ kullanÄ±rken ne kadar basarsan bas Ã§ok gelmiyor kapaÄŸÄ±nÄ± aÃ§Ä±p kullanmak zorunda kaldÄ±m,1,2024-07-10 00:00:00
440,10,ÃœrÃ¼nÃ¼n pompasÄ±nÄ± deÄŸiÅŸtirmiÅŸler .Gri metal gÃ¶rÃ¼nen kÄ±sÄ±m beyaz. Altta gÃ¶rÃ¼nen kÄ±sÄ±m da dura dura rengi sararmÄ±ÅŸ ama pompa bembeyaz . Tam olarak onun pompasÄ± olmadÄ±ÄŸÄ± Ã§ok belli . KullanÄ±lmÄ±ÅŸ Ã¼rÃ¼n mÃ¼ ondan da ÅŸÃ¼pheliyim Ã§Ã¼nkÃ¼ pompa deÄŸiÅŸtirilmiÅŸ iÃ§i Ã§ok rahat aÃ§Ä±lÄ±yor . Ä°Ã§inde miktar az . Ya resmen aklÄ±mÄ±zla oynuyorlar ama kusura bakmayÄ±n yÃ¼zÃ¼mÃ¼zÃ¼ em,1,2024-02-05 00:00:00
441,10,BeÄŸendik tavsiye ederim,5,2024-11-18 00:00:00
442,10,Organik iÃ§erikli gÃ¼zel bir gÃ¼neÅŸ kremi,5,2024-08-26 00:00:00
443,10,Dokusu ve kokusu yoÄŸun ama cildi Ã§ok gÃ¼zel yumuÅŸatÄ±yor,5,2024-08-19 00:00:00
444,10,"ÃœrÃ¼nÃ¼ hazirandan beri kullanÄ±yorum, Ã§ok seviyorum, cildime Ã§ok iyi geldi, aromaterapi Ã¼rÃ¼nÃ¼ olmasÄ± da fazlaca iÃ§ime sindi. Ne yazÄ±k ki etik bulmadÄ±ÄŸÄ±m konu kafanÄ±za gÃ¶re olan zamlarÄ±nÄ±z. Ä°lk kez 200â‚ºâ€™ye aldÄ±ÄŸÄ±m Ã¼rÃ¼n sonraki ay 300, geÃ§en ay 800 ve bugÃ¼n de 1800 â‚º olmuÅŸ. Bu kadar kÄ±sa sÃ¼rede bÃ¶yle zamlar yapmak etik mi sizce??",5,2024-10-25 00:00:00
445,10,"SÃ¼rdÃ¼ÄŸÃ¼m anda yÃ¼zÃ¼mden ter fÄ±ÅŸkÄ±rÄ±yor ve bÃ¼tÃ¼n krem silinip gidiyor. AyrÄ±ca ambalajÄ± Ã§ok kÃ¶tÃ¼. ÃœÃ§Ã¼ncÃ¼ elime alÄ±ÅŸÄ±mda yazÄ±lar silinmeye baÅŸladÄ±, yaklaÅŸÄ±k 10. KullanÄ±mÄ±mda da pompasÄ± bozuldu. ÅiÅŸenin yarÄ±sÄ± ziyan oldu.",2,2024-09-15 00:00:00
446,10,1 aydÄ±r kullanÄ±yorum.Cildim karma nemlendirmesi benim iÃ§in gÃ¼zel su bazlÄ± ve Ã§abuk emiliyo beyazlÄ±k bÄ±rakmÄ±yor ve kokusu da rahatsÄ±z etmeyen hoÅŸ bir koku ve gÃ¶zlerimi de hiÃ§ yakmadÄ± pozitif taraflar bunlar. SÃ¼rdÃ¼kten sonra terletmesi ve ÅŸiÅŸesinin pompasÄ±nÄ±n bir ayda bozulmasÄ± tÄ±kanmasÄ± da canÄ±mÄ± sÄ±kan negatif taraflarÄ± oldu.GÃ¼ncelliyorum: SÃ¼rdÃ¼kten,4,2024-07-31 00:00:00
447,10,Ã¼rÃ¼n gerÃ§ekten Ã§ok gÃ¼zel emilimi sahane tavsiye ederim herkese,5,2024-07-17 00:00:00
448,10,yaÄŸlÄ± bir Ã¼rÃ¼n beklerken pek de Ã¶yle Ã§Ä±kmadÄ±. kollarÄ±ma ve bacaklarÄ±ma kullandÄ±m. hemen emiliyor ve yumuÅŸak bir his. yaÄŸlÄ± deÄŸil ancak nemli. bulaÅŸma ve kiyafette sarÄ± leke de yapmadÄ±. indirimden deÄŸerlendirilip tekrar alabilirim,5,2024-06-24 00:00:00
449,10,"bir sÃ¼re kullanÄ±p ondan sonra yazmak istedim...Ã¼rÃ¼n anlatÄ±ldÄ±ÄŸÄ± gibi geldi, hÄ±zlÄ± kargo. bir arkadaÅŸÄ±m egzamalÄ± cildi iÃ§in kullanÄ±yordu, bana da Ã¶nermiÅŸti.hassas cildimi irrite etmeyen TEK GÃœNEÅ KREMÄ°.",5,2024-03-02 00:00:00
450,10,Bu markanÄ±n Ã¼rÃ¼nlerini beÄŸeniyorum.Ã¼rÃ¼nÃ¼mÃ¼n pompasÄ± bozuk gelmiÅŸti.firmayla iletiÅŸime geÃ§tim.sorunu hemen Ã§Ã¶zdÃ¼ler.teÅŸekkÃ¼rler,5,2024-02-12 00:00:00
451,10,Ã¼rÃ¼nÃ¼m kargodan cikmadi saticidan cevap bekliyorum lÃ¼tfen tesekkurler,5,2024-07-04 00:00:00
452,10,YapÄ±sÄ± gÃ¼zel yaÄŸlÄ± hissi bÄ±rakmÄ±yor rahatsÄ±z edici deÄŸil ancak oÄŸlum kokusunu sevmedi kullanmak istemedi . AÃ§Ä±kÃ§asÄ± kokusu bana da aÄŸÄ±r geldi biraz .,3,2024-07-04 00:00:00
453,10,emre konuÅŸuyor Ã¶nerisiyle aldÄ±m. kargo ve paketleme de sorun yaÅŸamadÄ±m.,5,2024-08-17 00:00:00
454,10,fiyati uygun biz Ã§ok beÄŸendik tavsiye edilir,5,2024-08-02 00:00:00
455,10,Ã¼rÃ¼nÃ¼ kullanÄ±rken ne kadar basarsan bas Ã§ok gelmiyor kapaÄŸÄ±nÄ± aÃ§Ä±p kullanmak zorunda kaldÄ±m,1,2024-07-10 00:00:00
456,10,ÃœrÃ¼nÃ¼n pompasÄ±nÄ± deÄŸiÅŸtirmiÅŸler .Gri metal gÃ¶rÃ¼nen kÄ±sÄ±m beyaz. Altta gÃ¶rÃ¼nen kÄ±sÄ±m da dura dura rengi sararmÄ±ÅŸ ama pompa bembeyaz . Tam olarak onun pompasÄ± olmadÄ±ÄŸÄ± Ã§ok belli . KullanÄ±lmÄ±ÅŸ Ã¼rÃ¼n mÃ¼ ondan da ÅŸÃ¼pheliyim Ã§Ã¼nkÃ¼ pompa deÄŸiÅŸtirilmiÅŸ iÃ§i Ã§ok rahat aÃ§Ä±lÄ±yor . Ä°Ã§inde miktar az . Ya resmen aklÄ±mÄ±zla oynuyorlar ama kusura bakmayÄ±n yÃ¼zÃ¼mÃ¼zÃ¼ em,1,2024-02-05 00:00:00
457,10,BeÄŸendik tavsiye ederim,5,2024-11-18 00:00:00
458,10,Organik iÃ§erikli gÃ¼zel bir gÃ¼neÅŸ kremi,5,2024-08-26 00:00:00
459,10,Dokusu ve kokusu yoÄŸun ama cildi Ã§ok gÃ¼zel yumuÅŸatÄ±yor,5,2024-08-19 00:00:00
460,10,"ÃœrÃ¼nÃ¼ hazirandan beri kullanÄ±yorum, Ã§ok seviyorum, cildime Ã§ok iyi geldi, aromaterapi Ã¼rÃ¼nÃ¼ olmasÄ± da fazlaca iÃ§ime sindi. Ne yazÄ±k ki etik bulmadÄ±ÄŸÄ±m konu kafanÄ±za gÃ¶re olan zamlarÄ±nÄ±z. Ä°lk kez 200â‚ºâ€™ye aldÄ±ÄŸÄ±m Ã¼rÃ¼n sonraki ay 300, geÃ§en ay 800 ve bugÃ¼n de 1800 â‚º olmuÅŸ. Bu kadar kÄ±sa sÃ¼rede bÃ¶yle zamlar yapmak etik mi sizce??",5,2024-10-25 00:00:00
461,10,"SÃ¼rdÃ¼ÄŸÃ¼m anda yÃ¼zÃ¼mden ter fÄ±ÅŸkÄ±rÄ±yor ve bÃ¼tÃ¼n krem silinip gidiyor. AyrÄ±ca ambalajÄ± Ã§ok kÃ¶tÃ¼. ÃœÃ§Ã¼ncÃ¼ elime alÄ±ÅŸÄ±mda yazÄ±lar silinmeye baÅŸladÄ±, yaklaÅŸÄ±k 10. KullanÄ±mÄ±mda da pompasÄ± bozuldu. ÅiÅŸenin yarÄ±sÄ± ziyan oldu.",2,2024-09-15 00:00:00
462,10,1 aydÄ±r kullanÄ±yorum.Cildim karma nemlendirmesi benim iÃ§in gÃ¼zel su bazlÄ± ve Ã§abuk emiliyo beyazlÄ±k bÄ±rakmÄ±yor ve kokusu da rahatsÄ±z etmeyen hoÅŸ bir koku ve gÃ¶zlerimi de hiÃ§ yakmadÄ± pozitif taraflar bunlar. SÃ¼rdÃ¼kten sonra terletmesi ve ÅŸiÅŸesinin pompasÄ±nÄ±n bir ayda bozulmasÄ± tÄ±kanmasÄ± da canÄ±mÄ± sÄ±kan negatif taraflarÄ± oldu.GÃ¼ncelliyorum: SÃ¼rdÃ¼kten,4,2024-07-31 00:00:00
463,10,Ã¼rÃ¼n gerÃ§ekten Ã§ok gÃ¼zel emilimi sahane tavsiye ederim herkese,5,2024-07-17 00:00:00
464,10,yaÄŸlÄ± bir Ã¼rÃ¼n beklerken pek de Ã¶yle Ã§Ä±kmadÄ±. kollarÄ±ma ve bacaklarÄ±ma kullandÄ±m. hemen emiliyor ve yumuÅŸak bir his. yaÄŸlÄ± deÄŸil ancak nemli. bulaÅŸma ve kiyafette sarÄ± leke de yapmadÄ±. indirimden deÄŸerlendirilip tekrar alabilirim,5,2024-06-24 00:00:00
465,10,"bir sÃ¼re kullanÄ±p ondan sonra yazmak istedim...Ã¼rÃ¼n anlatÄ±ldÄ±ÄŸÄ± gibi geldi, hÄ±zlÄ± kargo. bir arkadaÅŸÄ±m egzamalÄ± cildi iÃ§in kullanÄ±yordu, bana da Ã¶nermiÅŸti.hassas cildimi irrite etmeyen TEK GÃœNEÅ KREMÄ°.",5,2024-03-02 00:00:00
466,10,Bu markanÄ±n Ã¼rÃ¼nlerini beÄŸeniyorum.Ã¼rÃ¼nÃ¼mÃ¼n pompasÄ± bozuk gelmiÅŸti.firmayla iletiÅŸime geÃ§tim.sorunu hemen Ã§Ã¶zdÃ¼ler.teÅŸekkÃ¼rler,5,2024-02-12 00:00:00
467,10,Ã¼rÃ¼nÃ¼m kargodan cikmadi saticidan cevap bekliyorum lÃ¼tfen tesekkurler,5,2024-07-04 00:00:00
468,10,YapÄ±sÄ± gÃ¼zel yaÄŸlÄ± hissi bÄ±rakmÄ±yor rahatsÄ±z edici deÄŸil ancak oÄŸlum kokusunu sevmedi kullanmak istemedi . AÃ§Ä±kÃ§asÄ± kokusu bana da aÄŸÄ±r geldi biraz .,3,2024-07-04 00:00:00
469,10,emre konuÅŸuyor Ã¶nerisiyle aldÄ±m. kargo ve paketleme de sorun yaÅŸamadÄ±m.,5,2024-08-17 00:00:00
470,10,fiyati uygun biz Ã§ok beÄŸendik tavsiye edilir,5,2024-08-02 00:00:00
471,10,Ã¼rÃ¼nÃ¼ kullanÄ±rken ne kadar basarsan bas Ã§ok gelmiyor kapaÄŸÄ±nÄ± aÃ§Ä±p kullanmak zorunda kaldÄ±m,1,2024-07-10 00:00:00
472,10,ÃœrÃ¼nÃ¼n pompasÄ±nÄ± deÄŸiÅŸtirmiÅŸler .Gri metal gÃ¶rÃ¼nen kÄ±sÄ±m beyaz. Altta gÃ¶rÃ¼nen kÄ±sÄ±m da dura dura rengi sararmÄ±ÅŸ ama pompa bembeyaz . Tam olarak onun pompasÄ± olmadÄ±ÄŸÄ± Ã§ok belli . KullanÄ±lmÄ±ÅŸ Ã¼rÃ¼n mÃ¼ ondan da ÅŸÃ¼pheliyim Ã§Ã¼nkÃ¼ pompa deÄŸiÅŸtirilmiÅŸ iÃ§i Ã§ok rahat aÃ§Ä±lÄ±yor . Ä°Ã§inde miktar az . Ya resmen aklÄ±mÄ±zla oynuyorlar ama kusura bakmayÄ±n yÃ¼zÃ¼mÃ¼zÃ¼ em,1,2024-02-05 00:00:00
473,10,BeÄŸendik tavsiye ederim,5,2024-11-18 00:00:00
474,10,Organik iÃ§erikli gÃ¼zel bir gÃ¼neÅŸ kremi,5,2024-08-26 00:00:00
475,10,Dokusu ve kokusu yoÄŸun ama cildi Ã§ok gÃ¼zel yumuÅŸatÄ±yor,5,2024-08-19 00:00:00
522,11,Bazi yorumlardan dolayi cekinerek siparis vermistim ama cok guzel ton esitliyor cok memnun kaldim,5,2024-10-02 00:00:00
476,10,"ÃœrÃ¼nÃ¼ hazirandan beri kullanÄ±yorum, Ã§ok seviyorum, cildime Ã§ok iyi geldi, aromaterapi Ã¼rÃ¼nÃ¼ olmasÄ± da fazlaca iÃ§ime sindi. Ne yazÄ±k ki etik bulmadÄ±ÄŸÄ±m konu kafanÄ±za gÃ¶re olan zamlarÄ±nÄ±z. Ä°lk kez 200â‚ºâ€™ye aldÄ±ÄŸÄ±m Ã¼rÃ¼n sonraki ay 300, geÃ§en ay 800 ve bugÃ¼n de 1800 â‚º olmuÅŸ. Bu kadar kÄ±sa sÃ¼rede bÃ¶yle zamlar yapmak etik mi sizce??",5,2024-10-25 00:00:00
477,10,"SÃ¼rdÃ¼ÄŸÃ¼m anda yÃ¼zÃ¼mden ter fÄ±ÅŸkÄ±rÄ±yor ve bÃ¼tÃ¼n krem silinip gidiyor. AyrÄ±ca ambalajÄ± Ã§ok kÃ¶tÃ¼. ÃœÃ§Ã¼ncÃ¼ elime alÄ±ÅŸÄ±mda yazÄ±lar silinmeye baÅŸladÄ±, yaklaÅŸÄ±k 10. KullanÄ±mÄ±mda da pompasÄ± bozuldu. ÅiÅŸenin yarÄ±sÄ± ziyan oldu.",2,2024-09-15 00:00:00
478,10,1 aydÄ±r kullanÄ±yorum.Cildim karma nemlendirmesi benim iÃ§in gÃ¼zel su bazlÄ± ve Ã§abuk emiliyo beyazlÄ±k bÄ±rakmÄ±yor ve kokusu da rahatsÄ±z etmeyen hoÅŸ bir koku ve gÃ¶zlerimi de hiÃ§ yakmadÄ± pozitif taraflar bunlar. SÃ¼rdÃ¼kten sonra terletmesi ve ÅŸiÅŸesinin pompasÄ±nÄ±n bir ayda bozulmasÄ± tÄ±kanmasÄ± da canÄ±mÄ± sÄ±kan negatif taraflarÄ± oldu.GÃ¼ncelliyorum: SÃ¼rdÃ¼kten,4,2024-07-31 00:00:00
479,10,Ã¼rÃ¼n gerÃ§ekten Ã§ok gÃ¼zel emilimi sahane tavsiye ederim herkese,5,2024-07-17 00:00:00
480,10,yaÄŸlÄ± bir Ã¼rÃ¼n beklerken pek de Ã¶yle Ã§Ä±kmadÄ±. kollarÄ±ma ve bacaklarÄ±ma kullandÄ±m. hemen emiliyor ve yumuÅŸak bir his. yaÄŸlÄ± deÄŸil ancak nemli. bulaÅŸma ve kiyafette sarÄ± leke de yapmadÄ±. indirimden deÄŸerlendirilip tekrar alabilirim,5,2024-06-24 00:00:00
481,11,Ã‡ok gÃ¼zel bir gÃ¼neÅŸ kremi cilt tonunu Ã§ok gÃ¼zel eÅŸitliyor gÃ¼neÅŸten Ã§ok iyi koruyor yÃ¼zÃ¼mÃ¼ aydÄ±nlattÄ± bittikÃ§e alÄ±rÄ±m,5,2024-07-30 00:00:00
482,11,Ã§ok gÃ¼zel ilk fÄ±rsata yine alÄ±cam,4,2024-10-18 00:00:00
483,11,"sÃ¼rekli kullandÄ±ÄŸÄ±m Ã¼rÃ¼ndÃ¼r tavsiye ediyorum, teslimat hÄ±zlÄ± paketleme iyi. hediye iÃ§in teÅŸekkÃ¼rler",5,2024-10-07 00:00:00
484,11,Paketleme Ã§ok gÃ¼zeldi.,5,2024-10-05 00:00:00
485,11,Ã§ok beÄŸendim sÄ±k sÄ±k aldÄ±ÄŸÄ±m bir gÃ¼neÅŸ kremi,5,2024-10-05 00:00:00
486,11,guzel ciltde aÄŸÄ±rlÄ±k yapmÄ±yor hafif bir sÃ¼rÃ¼mÃ¼ var tavsiye ederim ben memnun kaldÄ±m tekrar sipariÅŸ verdim oda Ã§ok hÄ±zlÄ± ulaÅŸtÄ± elime teÅŸekkÃ¼rler,5,2024-10-04 00:00:00
487,11,cilt ile bÃ¼tÃ¼nleÅŸmesi aynÄ± Kore markalarÄ±ndan beklediÄŸimiz performansÄ± sergilemesi esitlemesi ve yumuÅŸacÄ±k o yapÄ±sÄ±na bayÄ±ldÄ±m yaÄŸlÄ± ve yanaklarÄ±mda sivilceli bÄ± yÃ¼zÃ¼m var fakat asla kapatÄ±cÄ± kullanmama gerek bÄ±rakmadÄ± alÄ±n aldÄ±rÄ±nnnn piÅŸman olmayacaksÄ±nÄ±zzz..,5,2024-10-04 00:00:00
488,11,Ã¼rÃ¼nu Ã§ok beÄŸendim yÃ¼zÃ¼n ipek gibi pÃ¼rÃ¼zsÃ¼z oldu Ã§ok gÃ¼zel bir yapÄ±sÄ± var,3,2024-10-03 00:00:00
489,11,Ã¼rÃ¼n aÅŸÄ±rrÄ± iyi Ã§ok beÄŸendim cilt tonununuda eÅŸitliyor gerÃ§ekten,5,2024-10-03 00:00:00
490,11,Ã§ok gÃ¼zel Ã¼rÃ¼n beÄŸendim hediye iÃ§in teskkurler,4,2024-10-02 00:00:00
491,11,mÃ¼kemmel bir gÃ¼neÅŸ gÃ¼neÅŸ kremi hem uygun hem kaliteli,5,2024-10-02 00:00:00
492,11,Bazi yorumlardan dolayi cekinerek siparis vermistim ama cok guzel ton esitliyor cok memnun kaldim,5,2024-10-02 00:00:00
493,11,ÃœrÃ¼n elime sorunsuz ulaÅŸtÄ± paketleme gayet iyiydi,5,2024-10-02 00:00:00
494,11,dhaa kullanmadÄ±m ama paketlenmesi gÃ¼zel alÄ±n deneyin bence zarari olmaz bence,5,2024-10-02 00:00:00
495,11,indirimdeyken aldÄ±m Ã§ok iyi ve beyazlatÄ±yor.,5,2024-10-02 00:00:00
496,11,YapÄ±sÄ± ne Ã§ok yaÄŸlÄ± ne Ã§ok kuru tam kÄ±vamÄ±nda. YÃ¼ze sÃ¼rerken zorlanmÄ±yorsun Ve aydÄ±nlanÄ±yor cildin aydÄ±nlÄ±k ve beyaz duruyor Ben Ã§ok beÄŸendim,5,2024-10-01 00:00:00
497,11,eÅŸim iÃ§in aldÄ±m Ã§ok beÄŸendi,5,2024-09-30 00:00:00
498,11,Tavsiye Ã¼zerine aldÄ±m aÅŸÄ±rÄ± beÄŸendim dokusu Ã§ok gÃ¼zel indirimdeyken stok yapabilirim,5,2024-09-29 00:00:00
499,11,yÃ¼zÃ¼mÃ¼ o kadar gÃ¼zel kapattÄ± inanmadÄ±m Ã¼rÃ¼nÃ¼ beÄŸendiÄŸim iÃ§in tekrar iki kutu sipariÅŸ ettim kapaticiliÄŸi ÅŸahane Ã¶tesi fondÃ¶tene gerek bile yok kÄ±zlar o kadar diyorum,5,2024-09-26 00:00:00
500,11,HÄ±zlÄ± geldi ve aÅŸÄ±rÄ± gÃ¼zel bir krem ayrÄ±ca hediye iÃ§in de teÅŸekkÃ¼r ederimğŸ™‚,5,2024-09-26 00:00:00
501,11,ÃœrÃ¼n Ã§ok gÃ¼zel yapÄ±sÄ± dokusu yÃ¼zde bÄ±raktÄ±ÄŸÄ± etki harika ve stok yaptÄ±m Ã§ok memnun kalarak devamÄ±nÄ± aldÄ±m teÅŸekkÃ¼r ederim,5,2024-09-26 00:00:00
502,11,Denemedim ama saÄŸlam ve gÃ¼zel geldi paketleme de gÃ¼zeldi,5,2024-09-26 00:00:00
503,11,Ã¼rÃ¼n Ã§ok hoÅŸ dokusuna bayÄ±ldÄ±m hediye iÃ§in teÅŸekkÃ¼r ederim,4,2024-09-25 00:00:00
504,11,"ÃœrÃ¼nÃ¼n paketlemesi Ã§ok gÃ¼zeldi.Pembe olanÄ± denedim ve gerÃ§ekten yÃ¼zÃ¼mÃ¼ aydÄ±nlattÄ±,alÄ±nabilecek gÃ¼zel bir gÃ¼neÅŸ kremi.YanÄ±ndaki minik hediye iÃ§in de teÅŸekkÃ¼r ederim.",5,2024-09-20 00:00:00
505,11,Ä°nfluencerâ€™dan gÃ¶rÃ¼p almÄ±ÅŸtÄ±m beÄŸendim gÃ¼zel,5,2024-09-19 00:00:00
506,11,Ã§ok gÃ¼zel Ã¶zellikle makyaj bazÄ± olarak kullanÄ±mda Ã§ok iyi bir yer alacaktÄ±r gelir gelmez kullandÄ±m ilk denemem Ã§ok memnun kaldÄ±m numune beyazlatma Ã¼rÃ¼nÃ¼ de gelmesi Ã§ok iyiydi onu da almak istiyordum hemen yÃ¼zÃ¼mde bi ton deÄŸiÅŸikliÄŸi beyazlama oldu,5,2024-09-19 00:00:00
507,11,kargom gÃ¼zel paketlenmiÅŸ halde geldi pembe alt tonlu ve abartÄ±ldÄ±ÄŸÄ± kadar parlaklÄ±ÄŸÄ± varmÄ±ÅŸ onu gÃ¶rdÃ¼m dokusunuda beyendim makyaj varmÄ±ÅŸ etkisi veriyor gerÃ§ekten kapaticiligada sahip yanÄ±ndaki hediye iÃ§in de teÅŸekkÃ¼r ederim kullandÄ±kÃ§a yorumu gÃ¼ncellerim,5,2024-09-18 00:00:00
508,11,Ã¼rÃ¼n gÃ¼zel tek ton yapÄ±yor ve gayet canlÄ± yapÄ±yor cildimi,5,2024-09-17 00:00:00
509,11,farklÄ± marka bÄ± Ã§ok gÃ¼neÅŸ kremi kullandÄ±m ama bunda karar kaldÄ±m Ã§ok gÃ¼zel bir Ã¼rÃ¼n stok yapmalik iyiki almÄ±ÅŸÄ±m. teÅŸekkÃ¼r ederim,5,2024-09-17 00:00:00
510,11,Ã¼rÃ¼n elime sorunsuz geldi Ã§ok gÃ¼zel bir parlaklÄ±k veriyor,4,2024-09-17 00:00:00
511,11,Ã‡ok gÃ¼zel bir gÃ¼neÅŸ kremi cilt tonunu Ã§ok gÃ¼zel eÅŸitliyor gÃ¼neÅŸten Ã§ok iyi koruyor yÃ¼zÃ¼mÃ¼ aydÄ±nlattÄ± bittikÃ§e alÄ±rÄ±m,5,2024-07-30 00:00:00
512,11,Ã§ok gÃ¼zel ilk fÄ±rsata yine alÄ±cam,4,2024-10-18 00:00:00
513,11,"sÃ¼rekli kullandÄ±ÄŸÄ±m Ã¼rÃ¼ndÃ¼r tavsiye ediyorum, teslimat hÄ±zlÄ± paketleme iyi. hediye iÃ§in teÅŸekkÃ¼rler",5,2024-10-07 00:00:00
514,11,Paketleme Ã§ok gÃ¼zeldi.,5,2024-10-05 00:00:00
515,11,Ã§ok beÄŸendim sÄ±k sÄ±k aldÄ±ÄŸÄ±m bir gÃ¼neÅŸ kremi,5,2024-10-05 00:00:00
516,11,guzel ciltde aÄŸÄ±rlÄ±k yapmÄ±yor hafif bir sÃ¼rÃ¼mÃ¼ var tavsiye ederim ben memnun kaldÄ±m tekrar sipariÅŸ verdim oda Ã§ok hÄ±zlÄ± ulaÅŸtÄ± elime teÅŸekkÃ¼rler,5,2024-10-04 00:00:00
517,11,cilt ile bÃ¼tÃ¼nleÅŸmesi aynÄ± Kore markalarÄ±ndan beklediÄŸimiz performansÄ± sergilemesi esitlemesi ve yumuÅŸacÄ±k o yapÄ±sÄ±na bayÄ±ldÄ±m yaÄŸlÄ± ve yanaklarÄ±mda sivilceli bÄ± yÃ¼zÃ¼m var fakat asla kapatÄ±cÄ± kullanmama gerek bÄ±rakmadÄ± alÄ±n aldÄ±rÄ±nnnn piÅŸman olmayacaksÄ±nÄ±zzz..,5,2024-10-04 00:00:00
518,11,Ã¼rÃ¼nu Ã§ok beÄŸendim yÃ¼zÃ¼n ipek gibi pÃ¼rÃ¼zsÃ¼z oldu Ã§ok gÃ¼zel bir yapÄ±sÄ± var,3,2024-10-03 00:00:00
519,11,Ã¼rÃ¼n aÅŸÄ±rrÄ± iyi Ã§ok beÄŸendim cilt tonununuda eÅŸitliyor gerÃ§ekten,5,2024-10-03 00:00:00
520,11,Ã§ok gÃ¼zel Ã¼rÃ¼n beÄŸendim hediye iÃ§in teskkurler,4,2024-10-02 00:00:00
521,11,mÃ¼kemmel bir gÃ¼neÅŸ gÃ¼neÅŸ kremi hem uygun hem kaliteli,5,2024-10-02 00:00:00
523,11,ÃœrÃ¼n elime sorunsuz ulaÅŸtÄ± paketleme gayet iyiydi,5,2024-10-02 00:00:00
524,11,dhaa kullanmadÄ±m ama paketlenmesi gÃ¼zel alÄ±n deneyin bence zarari olmaz bence,5,2024-10-02 00:00:00
525,11,indirimdeyken aldÄ±m Ã§ok iyi ve beyazlatÄ±yor.,5,2024-10-02 00:00:00
526,11,YapÄ±sÄ± ne Ã§ok yaÄŸlÄ± ne Ã§ok kuru tam kÄ±vamÄ±nda. YÃ¼ze sÃ¼rerken zorlanmÄ±yorsun Ve aydÄ±nlanÄ±yor cildin aydÄ±nlÄ±k ve beyaz duruyor Ben Ã§ok beÄŸendim,5,2024-10-01 00:00:00
527,11,eÅŸim iÃ§in aldÄ±m Ã§ok beÄŸendi,5,2024-09-30 00:00:00
528,11,Tavsiye Ã¼zerine aldÄ±m aÅŸÄ±rÄ± beÄŸendim dokusu Ã§ok gÃ¼zel indirimdeyken stok yapabilirim,5,2024-09-29 00:00:00
529,11,yÃ¼zÃ¼mÃ¼ o kadar gÃ¼zel kapattÄ± inanmadÄ±m Ã¼rÃ¼nÃ¼ beÄŸendiÄŸim iÃ§in tekrar iki kutu sipariÅŸ ettim kapaticiliÄŸi ÅŸahane Ã¶tesi fondÃ¶tene gerek bile yok kÄ±zlar o kadar diyorum,5,2024-09-26 00:00:00
530,11,HÄ±zlÄ± geldi ve aÅŸÄ±rÄ± gÃ¼zel bir krem ayrÄ±ca hediye iÃ§in de teÅŸekkÃ¼r ederimğŸ™‚,5,2024-09-26 00:00:00
531,12,GerÃ§ekten Ã§ok gÃ¼zel bir gÃ¼neÅŸ kremi hep bu gÃ¼neÅŸ kremini alÄ±yorum Ã¼rÃ¼n gayet baÅŸarÄ±lÄ± bir ÅŸekilde elime ulaÅŸtÄ± teÅŸekkÃ¼r ederim,5,2024-10-06 00:00:00
532,12,sorunsuz ulaÅŸtÄ± elime zaten sÃ¼rekli aldÄ±ÄŸÄ±m bir gÃ¼nes kremi,4,2024-10-04 00:00:00
533,12,Ã§ok iyi gÃ¼neÅŸ kremi yÃ¼zÃ¼ aydÄ±nlatmasÄ± harika,5,2024-10-03 00:00:00
534,12,gÃ¼zel sÃ¼rekli aldÄ±ÄŸÄ±m Ã¼rÃ¼n,5,2024-10-03 00:00:00
535,12,KeÅŸke fiyatÄ± artmazsa indirimde iken stok yapmalÄ±,5,2024-10-02 00:00:00
536,12,kizim cok severek yillardr kullaniyo cok memnun,5,2024-09-30 00:00:00
537,12,"Bunun adÄ±na ÅŸarkÄ±lar yazÄ±lÄ±r â€œsen yÃ¼zÃ¼me gÃ¼zellik katan sennnâ€ â˜ºï¸ baÅŸlayalÄ±m bakalÄ±m varan 1- gÃ¼n boyu yÃ¼zÃ¼me nemlendirici sÃ¼rmesem bu kremin nemi yetiyor, varan 2- cildim Ã§ok esmer bu kremi sÃ¼rdÃ¼kten sonra cildim 1 ton aÃ§Ä±lÄ±yor ama Ã¶yle yÃ¼zde pÃ¼tÃ¼r pÃ¼tÃ¼r kalmÄ±yor beyazlÄ±k bÄ±rakmÄ±yor hafif ten rengi aÃ§Ä±cÄ±. Varan 3- bu kremi sÃ¼rdÃ¼kten sonra fondÃ¶ten",5,2024-09-02 00:00:00
538,12,cildimi yumuÅŸacÄ±k yaptÄ± Ã§ok gÃ¼zel nemlendiriyor kuru ciltliyim ve cildine Ã§ok iyi geldi suda akmÄ±yor kesinlikle,5,2024-08-30 00:00:00
539,12,Ã‡ok Ã§ok Ã§ok Ã§ok gÃ¼zel asla fondÃ¶ten yapmaya bile gerek kalmÄ±yor lekelerime Ã§ok iyi geldi bebek gibi hiÃ§ dÃ¼ÅŸÃ¼nmeden alÄ±n,5,2024-08-30 00:00:00
540,12,yillardir kullandÄ±ÄŸÄ±m bi Ã¼rÃ¼n paketleme iÃ§in Ã§ok teÅŸekkÃ¼r ederim.,5,2024-08-18 00:00:00
541,12,SÃ¼rekli kullandÄ±ÄŸÄ±m ve stok yaptÄ±ÄŸÄ±m bi Ã¼rÃ¼n Ã§ok hÄ±zlÄ± elime ulaÅŸtÄ± teÅŸekkÃ¼r ederim,4,2024-08-03 00:00:00
542,12,HÄ±zlÄ± kargo indirimden aldÄ±k Ã§ok gÃ¼zel,5,2024-08-01 00:00:00
543,12,Ã¼rÃ¼nÃ¼nÃ¼ Ã§ok beÄŸendim tekrar stok yapacam,5,2024-07-28 00:00:00
544,12,sÃ¼rekli kullanÄ±yorum bence mÃ¼kemmel,5,2024-07-27 00:00:00
545,12,Uzun zamandÄ±r kullandÄ±ÄŸÄ±m bir gÃ¼neÅŸ kremi Ã‡ok gÃ¼zel tavsiye ediyorum,5,2024-07-25 00:00:00
546,12,O kadar gÃ¼neÅŸ kremi kullandÄ±m hiÃ§ birini Sebamed kadar beÄŸenmedim Ã§oÄŸu zaman makyaj kullanmÄ±yorum Sebamedin gÃ¼neÅŸ kremini sÃ¼rmem yetiyor cildimi canlÄ± ve gÃ¼zel gÃ¶steriyor kesinlikle tavsiye ederim indirime girdikÃ§e stok yapÄ±yorum,5,2024-07-24 00:00:00
547,12,her zaman kullandÄ±ÄŸÄ±m gÃ¼neÅŸ kremi Ã§ok memnunum sebamed farkiğŸ’•,5,2024-07-23 00:00:00
548,12,yÄ±llardÄ±r vazgeÃ§ilmezim olan tek gÃ¼neÅŸ kremi,5,2024-07-14 00:00:00
549,12,yÄ±llardÄ±r deÄŸiÅŸmeyen adresim sebamed,5,2023-05-13 00:00:00
550,12,"YÄ±llardÄ±r gÃ¶nÃ¼l rahatlÄ±ÄŸÄ±yla kullandÄ±ÄŸÄ±m bir Ã¼rÃ¼n. hiÃ§ kapatÄ±cÄ± kullanmamistim ama bu beyazligi,tatlÄ± parlaklÄ±ÄŸÄ± ile kapatÄ±cÄ± gÃ¶revide gÃ¶rdÃ¼. kokusu sÃ¼rÃ¼mÃ¼ ile mÃ¼thiÅŸ bir Ã¼rÃ¼n",5,2023-02-14 00:00:00
551,12,Devamli aldigim urun,5,2023-01-31 00:00:00
552,12,Anneme aldÄ±m memnun,5,2023-01-31 00:00:00
553,12,"anneme aldÄ±m, Ã§ok memnun",5,2022-09-15 00:00:00
554,12,Teyzem iÃ§in alÄ±yorum cilt yapÄ±sÄ± kuru memnun...,5,2022-09-04 00:00:00
555,12,GÃ¼neÅŸ iÃ§inde 10 numara bir krem paketlememizde gayet iyiydi teÅŸekkÃ¼rler,5,2022-08-24 00:00:00
556,12,Evde ailece kullanabildiÄŸimiz bi Ã¼rÃ¼n Ã§ocuklarÄ±mada gÃ¼venle sÃ¼rÃ¼yorum ve Ã§okta memnun kaldÄ±k,5,2022-08-18 00:00:00
557,12,Her zaman kullandÄ±ÄŸÄ±m krem memnunum.,5,2022-08-09 00:00:00
558,12,EÅŸim iÃ§in aldÄ±m surulusu kolay hemen emiliyor,5,2022-08-02 00:00:00
559,12,her zaman kullandÄ±ÄŸÄ±m Ã¼rÃ¼n. Ã§ok memnunum. Kuru ciltler iÃ§in birebir,5,2022-06-13 00:00:00
560,12,50ml geldi ancak yorumlarda 75ml olmasÄ± gerekiyordu. BeÄŸenmedim.,1,2025-03-18 00:00:00
561,12,GerÃ§ekten Ã§ok gÃ¼zel bir gÃ¼neÅŸ kremi hep bu gÃ¼neÅŸ kremini alÄ±yorum Ã¼rÃ¼n gayet baÅŸarÄ±lÄ± bir ÅŸekilde elime ulaÅŸtÄ± teÅŸekkÃ¼r ederim,5,2024-10-06 00:00:00
562,12,sorunsuz ulaÅŸtÄ± elime zaten sÃ¼rekli aldÄ±ÄŸÄ±m bir gÃ¼nes kremi,4,2024-10-04 00:00:00
563,12,Ã§ok iyi gÃ¼neÅŸ kremi yÃ¼zÃ¼ aydÄ±nlatmasÄ± harika,5,2024-10-03 00:00:00
564,12,gÃ¼zel sÃ¼rekli aldÄ±ÄŸÄ±m Ã¼rÃ¼n,5,2024-10-03 00:00:00
565,12,KeÅŸke fiyatÄ± artmazsa indirimde iken stok yapmalÄ±,5,2024-10-02 00:00:00
566,12,kizim cok severek yillardr kullaniyo cok memnun,5,2024-09-30 00:00:00
567,12,"Bunun adÄ±na ÅŸarkÄ±lar yazÄ±lÄ±r â€œsen yÃ¼zÃ¼me gÃ¼zellik katan sennnâ€ â˜ºï¸ baÅŸlayalÄ±m bakalÄ±m varan 1- gÃ¼n boyu yÃ¼zÃ¼me nemlendirici sÃ¼rmesem bu kremin nemi yetiyor, varan 2- cildim Ã§ok esmer bu kremi sÃ¼rdÃ¼kten sonra cildim 1 ton aÃ§Ä±lÄ±yor ama Ã¶yle yÃ¼zde pÃ¼tÃ¼r pÃ¼tÃ¼r kalmÄ±yor beyazlÄ±k bÄ±rakmÄ±yor hafif ten rengi aÃ§Ä±cÄ±. Varan 3- bu kremi sÃ¼rdÃ¼kten sonra fondÃ¶ten",5,2024-09-02 00:00:00
568,12,cildimi yumuÅŸacÄ±k yaptÄ± Ã§ok gÃ¼zel nemlendiriyor kuru ciltliyim ve cildine Ã§ok iyi geldi suda akmÄ±yor kesinlikle,5,2024-08-30 00:00:00
569,12,Ã‡ok Ã§ok Ã§ok Ã§ok gÃ¼zel asla fondÃ¶ten yapmaya bile gerek kalmÄ±yor lekelerime Ã§ok iyi geldi bebek gibi hiÃ§ dÃ¼ÅŸÃ¼nmeden alÄ±n,5,2024-08-30 00:00:00
570,12,yillardir kullandÄ±ÄŸÄ±m bi Ã¼rÃ¼n paketleme iÃ§in Ã§ok teÅŸekkÃ¼r ederim.,5,2024-08-18 00:00:00
571,12,SÃ¼rekli kullandÄ±ÄŸÄ±m ve stok yaptÄ±ÄŸÄ±m bi Ã¼rÃ¼n Ã§ok hÄ±zlÄ± elime ulaÅŸtÄ± teÅŸekkÃ¼r ederim,4,2024-08-03 00:00:00
572,12,HÄ±zlÄ± kargo indirimden aldÄ±k Ã§ok gÃ¼zel,5,2024-08-01 00:00:00
573,12,Ã¼rÃ¼nÃ¼nÃ¼ Ã§ok beÄŸendim tekrar stok yapacam,5,2024-07-28 00:00:00
574,12,sÃ¼rekli kullanÄ±yorum bence mÃ¼kemmel,5,2024-07-27 00:00:00
575,12,Uzun zamandÄ±r kullandÄ±ÄŸÄ±m bir gÃ¼neÅŸ kremi Ã‡ok gÃ¼zel tavsiye ediyorum,5,2024-07-25 00:00:00
576,12,O kadar gÃ¼neÅŸ kremi kullandÄ±m hiÃ§ birini Sebamed kadar beÄŸenmedim Ã§oÄŸu zaman makyaj kullanmÄ±yorum Sebamedin gÃ¼neÅŸ kremini sÃ¼rmem yetiyor cildimi canlÄ± ve gÃ¼zel gÃ¶steriyor kesinlikle tavsiye ederim indirime girdikÃ§e stok yapÄ±yorum,5,2024-07-24 00:00:00
577,12,her zaman kullandÄ±ÄŸÄ±m gÃ¼neÅŸ kremi Ã§ok memnunum sebamed farkiğŸ’•,5,2024-07-23 00:00:00
578,12,yÄ±llardÄ±r vazgeÃ§ilmezim olan tek gÃ¼neÅŸ kremi,5,2024-07-14 00:00:00
579,12,yÄ±llardÄ±r deÄŸiÅŸmeyen adresim sebamed,5,2023-05-13 00:00:00
580,12,"YÄ±llardÄ±r gÃ¶nÃ¼l rahatlÄ±ÄŸÄ±yla kullandÄ±ÄŸÄ±m bir Ã¼rÃ¼n. hiÃ§ kapatÄ±cÄ± kullanmamistim ama bu beyazligi,tatlÄ± parlaklÄ±ÄŸÄ± ile kapatÄ±cÄ± gÃ¶revide gÃ¶rdÃ¼. kokusu sÃ¼rÃ¼mÃ¼ ile mÃ¼thiÅŸ bir Ã¼rÃ¼n",5,2023-02-14 00:00:00
581,13,Harika bi Ã¼rÃ¼n indirime girnesini bekliyorum bolca stok yapÄ±cam,5,2023-09-04 00:00:00
582,13,stok yapÄ±lmasÄ± gereken harika bir Ã¼rÃ¼n tek kelimeyle mÃ¼kemmel kÃ¼Ã§Ã¼k tester iÃ§in de teÅŸekkÃ¼r ederim ğŸ˜,5,2023-07-31 00:00:00
583,13,GÃ¼zel Ã¼rÃ¼n,5,2025-03-18 00:00:00
584,13,Ã‡ok gÃ¼zel cildimi aÅŸÄ±rÄ± parlak yaptÄ±,5,2025-03-17 00:00:00
585,13,Ã§ok gÃ¼zel bir Ã¼rÃ¼n bitmeden stoklu yorum indirim fÄ±rsatlarÄ± bekliyorum.kullandiyim en gÃ¼zel gÃ¼neÅŸ kremi harika,5,2023-07-28 00:00:00
586,13,Paketleme harika Ã¼rÃ¼n sÃ¼per indirime girdikÃ§e stok yapacaÄŸÄ±m bir Ã¼rÃ¼n,5,2023-07-06 00:00:00
587,13,Damla kadar sÃ¼rmek bile cilde daÄŸÄ±tÄ±yor gÃ¼zelce yayÄ±yor. Ã‡ok bereketli bi gÃ¼neÅŸ kremi ben yapÄ±sÄ±nÄ± Ã§ok sevdim. Tavsiye ederim.,5,2023-07-05 00:00:00
588,13,"Ã§ok iyi stok yapilicak bir Ã¼rÃ¼n emilimi Ã§ok gÃ¼zel teÅŸekkÃ¼r ederim hediyeniz iÃ§in de ,ğŸ˜Š",5,2023-06-23 00:00:00
589,13,indirime girdiÄŸinde 3 al 2 Ã¶de kampanyasindan aldÄ±m ÅŸahane bir Ã¼rÃ¼n kesinlikle alÄ±n yÃ¼zde yaÄŸlÄ± durmuyor cilt tonunu eÅŸitliyor,5,2023-06-09 00:00:00
590,13,cok guzel gunes kremi bayildim yumusak oluyo cildim,5,2023-06-09 00:00:00
591,13,Cildime sÃ¼rdÃ¼ÄŸÃ¼mde tepki vermeyen tek krem.. aÅŸÄ±rÄ± hassas bir cildim var ilk denemede Ã§ok korktum ama Ã§Ä±kmaya mÃ¼sait olan sivilcelerimi bile yok ediyor gibi geldi bana sÃ¼rekli bitmeden stokluyorum..,5,2023-06-06 00:00:00
592,13,yaa kokusuna bayÄ±ldÄ±m bebek pudrasÄ± gibi dokusu da yumuÅŸacÄ±k umarÄ±m indirime girer stok yaparÄ±m ğŸ’—,5,2023-06-01 00:00:00
593,13,Cok beÄŸendik indirime girince yine alÄ±cam stok,5,2023-05-28 00:00:00
594,13,ÃœrÃ¼nÃ¼ yorumlara dayanarak aldÄ±m ve kullanmaya baÅŸladÄ±ktan sonra yorum yapÄ±yorum ve gerÃ§ekten hoÅŸ bir kokusu var esmer olduÄŸum iÃ§in cildimi daha net bir ÅŸekilde gÃ¶rÃ¼nÃ¼mÃ¼nÃ¼ saÄŸladÄ±. ArkadaÅŸlarÄ±ma da Ã¶nerdim. TeÅŸekkÃ¼rler :),5,2023-05-25 00:00:00
595,13,"Ä°lk defa alÄ±p kullandÄ±m. Åahane bir kremğŸ’• su bazlÄ±, nemlendirmesi Ã§ok iyi. Kokusu da Ã§ok gÃ¼zel, bebeksi bir cildim olduğŸ¥°",5,2023-05-17 00:00:00
596,13,MuhteÅŸem favorÄ±msÄ±n bundan sonra stok yapcagim Ã¼rÃ¼ndÃ¼r bu kadar makyajÄ± prÃ¼rÃ¼zsÃ¼z yapar mÄ± ya efsane tavsÄ±ye ederim â¤ï¸ğŸ‘ŒğŸ»,5,2023-05-03 00:00:00
597,13,Ã§ok gÃ¼zel bu 2. alÄ±ÅŸÄ±m normalde alerjik bir yapÄ±m var ama bu hiÃ§ beni rahatsÄ±z etmedi. Cilt tonunu Ã§ok gÃ¼zel esitliyor.,5,2024-12-26 00:00:00
598,13,Her gÃ¼n kullanÄ±yorum,5,2024-12-20 00:00:00
599,13,Paketlemesi ve hÄ±zlÄ±ca elime ulaÅŸmasÄ± gayet iyiydi Ã§ok teÅŸekkÃ¼r ederim Ã§ok tatlÄ± bir gÃ¼neÅŸ kremi pembe tam benlik!,5,2024-12-11 00:00:00
600,13,Ã–nceden kullanmÄ±ÅŸ olduÄŸum gÃ¼neÅŸ kremleri. Harika bir yapÄ±sÄ± var severek kullanÄ±yorum. bittikÃ§e aldÄ±ÄŸÄ±m bir Ã¼rÃ¼n hediyeler iÃ§in teÅŸekkÃ¼rler.,5,2024-12-04 00:00:00
601,13,BayÄ±lÄ±yorum zaten bu Ã¼rÃ¼ne yumuÅŸacÄ±k bir dokusu var bebek pudrasÄ± gibi kokuyor aÅŸÄ±rÄ± gÃ¼zel,5,2024-07-27 00:00:00
602,13,Ã‡ok hÄ±zlÄ± elÄ±me ulaÅŸtÄ±.Paketleme Ã§ok gÃ¼zel.ÃœrÃ¼n Ã§ok gÃ¼zel.Nemlendirici .,5,2024-07-09 00:00:00
603,13,AÅŸÄ±rÄ± iyi bir gÃ¼neÅŸ kremi yapÄ±sÄ± kokusu Ã§ok gÃ¼zel indirime girdikÃ§e alÄ±yorum,5,2024-06-29 00:00:00
604,13,kokusu dokusu mÃ¼kemmell stoklanmasÄ± gereken bi Ã¼rÃ¼n,5,2024-06-15 00:00:00
605,13,BeÄŸendim canlÄ± yayÄ±n kuponu ile aÅŸmÄ±ÅŸtÄ±m gÃ¼zel ğŸ‘,5,2024-06-11 00:00:00
606,13,ÃœrÃ¼n Ã§ok gÃ¼zel cildimi yumuÅŸacÄ±k yaptÄ± tavsiye ederim ğŸ’ğŸ’,5,2024-05-28 00:00:00
607,13,ÃœrÃ¼n harika. YÃ¼zÃ¼nÃ¼zÃ¼ yaÄŸlÄ± yapmÄ±yor koruculuÄŸuda harika. BeÄŸendim stok yapmak lazÄ±m,5,2024-05-16 00:00:00
608,13,Paketleme Ã§ok gÃ¼zel saÄŸlam geldi,5,2024-05-06 00:00:00
609,13,DevamlÄ± kullandÄ±ÄŸÄ±m bir Ã¼rÃ¼n aÅŸÄ±rÄ± memnunum bittikÃ§e alÄ±yorum,5,2024-05-04 00:00:00
610,13,BayadÄ±r kullandÄ±ÄŸÄ±m bir Ã¼rÃ¼n bittikÃ§e yeniliyorum. YÃ¼zde aÄŸÄ±rlÄ±k ve yapÄ±ÅŸ bi his bÄ±rakmÄ±yor. Ã‡ok iyi nemlendiriyor ve parlatÄ±yor aynÄ± zamanda,5,2024-05-03 00:00:00
611,13,Harika bi Ã¼rÃ¼n indirime girnesini bekliyorum bolca stok yapÄ±cam,5,2023-09-04 00:00:00
612,13,stok yapÄ±lmasÄ± gereken harika bir Ã¼rÃ¼n tek kelimeyle mÃ¼kemmel kÃ¼Ã§Ã¼k tester iÃ§in de teÅŸekkÃ¼r ederim ğŸ˜,5,2023-07-31 00:00:00
613,13,GÃ¼zel Ã¼rÃ¼n,5,2025-03-18 00:00:00
614,13,Ã‡ok gÃ¼zel cildimi aÅŸÄ±rÄ± parlak yaptÄ±,5,2025-03-17 00:00:00
615,13,Ã§ok gÃ¼zel bir Ã¼rÃ¼n bitmeden stoklu yorum indirim fÄ±rsatlarÄ± bekliyorum.kullandiyim en gÃ¼zel gÃ¼neÅŸ kremi harika,5,2023-07-28 00:00:00
616,13,Paketleme harika Ã¼rÃ¼n sÃ¼per indirime girdikÃ§e stok yapacaÄŸÄ±m bir Ã¼rÃ¼n,5,2023-07-06 00:00:00
617,13,Damla kadar sÃ¼rmek bile cilde daÄŸÄ±tÄ±yor gÃ¼zelce yayÄ±yor. Ã‡ok bereketli bi gÃ¼neÅŸ kremi ben yapÄ±sÄ±nÄ± Ã§ok sevdim. Tavsiye ederim.,5,2023-07-05 00:00:00
618,13,"Ã§ok iyi stok yapilicak bir Ã¼rÃ¼n emilimi Ã§ok gÃ¼zel teÅŸekkÃ¼r ederim hediyeniz iÃ§in de ,ğŸ˜Š",5,2023-06-23 00:00:00
619,13,indirime girdiÄŸinde 3 al 2 Ã¶de kampanyasindan aldÄ±m ÅŸahane bir Ã¼rÃ¼n kesinlikle alÄ±n yÃ¼zde yaÄŸlÄ± durmuyor cilt tonunu eÅŸitliyor,5,2023-06-09 00:00:00
620,13,cok guzel gunes kremi bayildim yumusak oluyo cildim,5,2023-06-09 00:00:00
621,13,Cildime sÃ¼rdÃ¼ÄŸÃ¼mde tepki vermeyen tek krem.. aÅŸÄ±rÄ± hassas bir cildim var ilk denemede Ã§ok korktum ama Ã§Ä±kmaya mÃ¼sait olan sivilcelerimi bile yok ediyor gibi geldi bana sÃ¼rekli bitmeden stokluyorum..,5,2023-06-06 00:00:00
622,13,yaa kokusuna bayÄ±ldÄ±m bebek pudrasÄ± gibi dokusu da yumuÅŸacÄ±k umarÄ±m indirime girer stok yaparÄ±m ğŸ’—,5,2023-06-01 00:00:00
623,13,Cok beÄŸendik indirime girince yine alÄ±cam stok,5,2023-05-28 00:00:00
624,13,ÃœrÃ¼nÃ¼ yorumlara dayanarak aldÄ±m ve kullanmaya baÅŸladÄ±ktan sonra yorum yapÄ±yorum ve gerÃ§ekten hoÅŸ bir kokusu var esmer olduÄŸum iÃ§in cildimi daha net bir ÅŸekilde gÃ¶rÃ¼nÃ¼mÃ¼nÃ¼ saÄŸladÄ±. ArkadaÅŸlarÄ±ma da Ã¶nerdim. TeÅŸekkÃ¼rler :),5,2023-05-25 00:00:00
625,13,"Ä°lk defa alÄ±p kullandÄ±m. Åahane bir kremğŸ’• su bazlÄ±, nemlendirmesi Ã§ok iyi. Kokusu da Ã§ok gÃ¼zel, bebeksi bir cildim olduğŸ¥°",5,2023-05-17 00:00:00
626,13,MuhteÅŸem favorÄ±msÄ±n bundan sonra stok yapcagim Ã¼rÃ¼ndÃ¼r bu kadar makyajÄ± prÃ¼rÃ¼zsÃ¼z yapar mÄ± ya efsane tavsÄ±ye ederim â¤ï¸ğŸ‘ŒğŸ»,5,2023-05-03 00:00:00
627,13,Ã§ok gÃ¼zel bu 2. alÄ±ÅŸÄ±m normalde alerjik bir yapÄ±m var ama bu hiÃ§ beni rahatsÄ±z etmedi. Cilt tonunu Ã§ok gÃ¼zel esitliyor.,5,2024-12-26 00:00:00
628,13,Her gÃ¼n kullanÄ±yorum,5,2024-12-20 00:00:00
629,13,Paketlemesi ve hÄ±zlÄ±ca elime ulaÅŸmasÄ± gayet iyiydi Ã§ok teÅŸekkÃ¼r ederim Ã§ok tatlÄ± bir gÃ¼neÅŸ kremi pembe tam benlik!,5,2024-12-11 00:00:00
630,13,Ã–nceden kullanmÄ±ÅŸ olduÄŸum gÃ¼neÅŸ kremleri. Harika bir yapÄ±sÄ± var severek kullanÄ±yorum. bittikÃ§e aldÄ±ÄŸÄ±m bir Ã¼rÃ¼n hediyeler iÃ§in teÅŸekkÃ¼rler.,5,2024-12-04 00:00:00
631,14,"KullandÄ±ÄŸÄ±m en en en iyi gÃ¼neÅŸ kremi. Beyaz leke bÄ±rakmÄ±yor, emilimi Ã§ok iyi, cildimi yaÄŸlandÄ±rmÄ±yor. Ã‡ok Ã§ok memnunum.",5,2024-07-28 00:00:00
632,14,"Ã¼rÃ¼n 1 gÃ¼nde elime ulaÅŸtÄ± teÅŸekkÃ¼r ederim ğŸ™ğŸ» devamlÄ± kullandÄ±ÄŸÄ±m bir Ã¼rÃ¼n hatta annem bebekliÄŸimden itibaren kullanmÄ±ÅŸ, yaÄŸlÄ± ve karma cilde sahipseniz gÃ¼venle kullanabilirsiniz",5,2024-07-23 00:00:00
633,14,En beÄŸendiÄŸim gÃ¼neÅŸ kremi,5,2024-07-12 00:00:00
634,14,SÃ¼rekli kullandÄ±ÄŸÄ±m gÃ¼neÅŸ kremi Ã§ok iyi,4,2024-07-04 00:00:00
635,14,MÃ¼kemmel beÄŸendim,5,2024-06-08 00:00:00
636,14,Sorunsuz teslim edildi,4,2024-06-01 00:00:00
637,14,"Her zaman kullandÄ±ÄŸÄ±m gÃ¼neÅŸ kremimim, teÅŸekkÃ¼rler",5,2024-05-29 00:00:00
638,14,gÃ¼zel bir Ã¼rÃ¼n,5,2024-05-27 00:00:00
639,14,denemek iÃ§in aldÄ±m. yanÄ±nda ki termal suyun bÃ¼yÃ¼k boyunu alacaÄŸÄ±m,5,2024-05-23 00:00:00
640,14,severek kullanÄ±yorum yedek olsun diye aldÄ±m 200 tl kupon ile aldÄ±m,5,2024-05-21 00:00:00
641,14,harika bir Ã¼rÃ¼n,5,2024-05-20 00:00:00
642,14,Sorunsuz ulaÅŸtÄ± teÅŸekkÃ¼rler,5,2024-05-15 00:00:00
643,14,Termal su aÄŸÅŸÄ±ÄŸÄ± olarak konuÅŸuyorum alÄ±n aldÄ±rÄ±n,5,2024-05-11 00:00:00
644,14,Ã‡ok gÃ¼zel uygun fiyat bayÄ±larak kullanÄ±yorum,5,2024-05-10 00:00:00
645,14,600tlye aldÄ±m Ã§ok beÄŸendim,5,2024-05-05 00:00:00
646,14,la roche kalitesini anlatmicam ama bu fiyatlara ne olmuÅŸ bÃ¶yle :( bilseydim stok yapardÄ±m. sivilceye yatkÄ±n olan hassas cildime Ã§ok iyi geldi.,5,2023-01-09 00:00:00
647,14,en sevdigim gunes kremi,5,2022-12-17 00:00:00
648,14,gÃ¼zel Ã¼rÃ¼n daha Ã¶nce de kullanmÄ±ÅŸtÄ±m zaten ciltte yaÄŸlÄ±lik hissi oluÅŸturmuyor. la roche posay Ä±n Ã¼rÃ¼nlerini beÄŸeniyorum. Teslimat Ã§ok hÄ±zlÄ± ulaÅŸtÄ± elime ÅŸaÅŸÄ±rdÄ±m gerÃ§ekten bu kadar beklemiyordum. TeÅŸekkÃ¼rler trendyol.,5,2022-11-26 00:00:00
649,14,GÃ¼zel indirimden aldÄ±m bekleyin ve kazanÄ±n derim. Pinti biri olarak sÃ¶ylÃ¼yorum bu markaya hayranÄ±m diyebilirim. Akneli ve yaÄŸlÄ± yÃ¼zÃ¼me Ã§ok iyi geliyor. yaÄŸlanmayÄ± artÄ±rmÄ±yorlar. Ben temizleyici ve kremini de kullanÄ±yorum. Ã‡ok iyi ğŸ‘ğŸ½,5,2022-11-22 00:00:00
650,14,yaÄŸlÄ± ciltler iÃ§in Ã§ok gÃ¼zel bir gÃ¼neÅŸ kremi severek kullanÄ±yorum,5,2022-11-09 00:00:00
651,14,Her zaman favorim olan bir gÃ¼neÅŸ kremi stoklamak iÃ§in aldÄ±m,5,2022-11-08 00:00:00
652,14,"Karma, yaÄŸlÄ± cilt tipim var ve bana ÅŸimdiye kadar iyi gelen tek gÃ¼neÅŸ kremi. Ä°lk baÅŸ beÄŸenmemiÅŸ gibiydim yapÄ±sÄ±ndan dolayÄ± ama ÅŸimdi stok yapar hale geldim. Ä°lk baÅŸta sÃ¼rÃ¼mÃ¼ zor, beyaz kalÄ±yor gibi gelebilir ama kreme zaman verin gittikÃ§e daha iyi emiliyor yÃ¼zde. Bundan sonra hep kullanacaÄŸÄ±m gÃ¼neÅŸ kremidir.",5,2022-11-07 00:00:00
653,14,Kargo Ã§ok hÄ±zlÄ± geldi. GÃ¼neÅŸ kremi ciltte hemen yayÄ±lÄ±yor. Termal su da ferahlÄ±k veriyor. Herkesin Ã¶nerdiÄŸi Ã¼rÃ¼nler ben de severek kullanÄ±yorum. Memnunum.,5,2022-10-05 00:00:00
654,14,"ÃœrÃ¼n paketlemesi gayet gÃ¼zel. YaÄŸlÄ± ciltler iÃ§in Ã§ok iyi. HÄ±zlÄ± emilip iz bÄ±rakmÄ±yor. Dokusu hafif. Krem rengi beyaz deÄŸil, hafif sarÄ± renkte. Gayet gÃ¼zel. Tavsiye ederim.",5,2025-03-01 00:00:00
655,14,VazgeÃ§emediÄŸim tek gÃ¼neÅŸ kremi ğŸ’•,5,2025-02-02 00:00:00
656,14,indirimdeyken aldÄ±m hala kullanÄ±yorum,5,2024-12-29 00:00:00
657,14,HÄ±zlÄ± ve saÄŸlam bir ÅŸekilde elime ulaÅŸtÄ±. KullandÄ±ÄŸÄ±m bir Ã¼rÃ¼n. YaÄŸlÄ± bir cildim var iyi geliyor.,5,2024-12-22 00:00:00
658,14,YÃ¼zdeki parlaklÄ±ÄŸÄ± alÄ±yor fresh bir gÃ¶rÃ¼ntÃ¼ oluÅŸturuyor Ã§ok gÃ¼zel,5,2024-12-14 00:00:00
659,14,Yaz boyu benim kurtarÄ±cÄ±mâ¤ï¸,5,2024-11-17 00:00:00
660,14,5. Kutumu aldÄ±m Ã§ok gÃ¼zellll,5,2024-11-17 00:00:00
661,14,"KullandÄ±ÄŸÄ±m en en en iyi gÃ¼neÅŸ kremi. Beyaz leke bÄ±rakmÄ±yor, emilimi Ã§ok iyi, cildimi yaÄŸlandÄ±rmÄ±yor. Ã‡ok Ã§ok memnunum.",5,2024-07-28 00:00:00
662,14,"Ã¼rÃ¼n 1 gÃ¼nde elime ulaÅŸtÄ± teÅŸekkÃ¼r ederim ğŸ™ğŸ» devamlÄ± kullandÄ±ÄŸÄ±m bir Ã¼rÃ¼n hatta annem bebekliÄŸimden itibaren kullanmÄ±ÅŸ, yaÄŸlÄ± ve karma cilde sahipseniz gÃ¼venle kullanabilirsiniz",5,2024-07-23 00:00:00
663,14,En beÄŸendiÄŸim gÃ¼neÅŸ kremi,5,2024-07-12 00:00:00
664,14,SÃ¼rekli kullandÄ±ÄŸÄ±m gÃ¼neÅŸ kremi Ã§ok iyi,4,2024-07-04 00:00:00
665,14,MÃ¼kemmel beÄŸendim,5,2024-06-08 00:00:00
666,14,Sorunsuz teslim edildi,4,2024-06-01 00:00:00
667,14,"Her zaman kullandÄ±ÄŸÄ±m gÃ¼neÅŸ kremimim, teÅŸekkÃ¼rler",5,2024-05-29 00:00:00
668,14,gÃ¼zel bir Ã¼rÃ¼n,5,2024-05-27 00:00:00
669,14,denemek iÃ§in aldÄ±m. yanÄ±nda ki termal suyun bÃ¼yÃ¼k boyunu alacaÄŸÄ±m,5,2024-05-23 00:00:00
670,14,severek kullanÄ±yorum yedek olsun diye aldÄ±m 200 tl kupon ile aldÄ±m,5,2024-05-21 00:00:00
671,14,harika bir Ã¼rÃ¼n,5,2024-05-20 00:00:00
672,14,Sorunsuz ulaÅŸtÄ± teÅŸekkÃ¼rler,5,2024-05-15 00:00:00
673,14,Termal su aÄŸÅŸÄ±ÄŸÄ± olarak konuÅŸuyorum alÄ±n aldÄ±rÄ±n,5,2024-05-11 00:00:00
674,14,Ã‡ok gÃ¼zel uygun fiyat bayÄ±larak kullanÄ±yorum,5,2024-05-10 00:00:00
675,14,600tlye aldÄ±m Ã§ok beÄŸendim,5,2024-05-05 00:00:00
676,14,la roche kalitesini anlatmicam ama bu fiyatlara ne olmuÅŸ bÃ¶yle :( bilseydim stok yapardÄ±m. sivilceye yatkÄ±n olan hassas cildime Ã§ok iyi geldi.,5,2023-01-09 00:00:00
677,14,en sevdigim gunes kremi,5,2022-12-17 00:00:00
678,14,gÃ¼zel Ã¼rÃ¼n daha Ã¶nce de kullanmÄ±ÅŸtÄ±m zaten ciltte yaÄŸlÄ±lik hissi oluÅŸturmuyor. la roche posay Ä±n Ã¼rÃ¼nlerini beÄŸeniyorum. Teslimat Ã§ok hÄ±zlÄ± ulaÅŸtÄ± elime ÅŸaÅŸÄ±rdÄ±m gerÃ§ekten bu kadar beklemiyordum. TeÅŸekkÃ¼rler trendyol.,5,2022-11-26 00:00:00
679,14,GÃ¼zel indirimden aldÄ±m bekleyin ve kazanÄ±n derim. Pinti biri olarak sÃ¶ylÃ¼yorum bu markaya hayranÄ±m diyebilirim. Akneli ve yaÄŸlÄ± yÃ¼zÃ¼me Ã§ok iyi geliyor. yaÄŸlanmayÄ± artÄ±rmÄ±yorlar. Ben temizleyici ve kremini de kullanÄ±yorum. Ã‡ok iyi ğŸ‘ğŸ½,5,2022-11-22 00:00:00
680,14,yaÄŸlÄ± ciltler iÃ§in Ã§ok gÃ¼zel bir gÃ¼neÅŸ kremi severek kullanÄ±yorum,5,2022-11-09 00:00:00
